job_id,date_posted,total_components,covered_components,coverage_percentage,skill_coverage_pct,knowledge_coverage_pct,avg_skill_confidence,avg_knowledge_confidence,missing_components_count
in-1ff77799c8c16660,,19,0,0.0,0.0,0.0,0.7288820418808714,0.0,19
in-8b20bbf16019e5c1,,19,2,0.04393892037241083,0.0,0.04393892037241083,0.6049692000000001,0.75,17
in-c6260e808dfcf870,,19,0,0.0,0.0,0.0,0.0,0.0,19
in-08bda50c77b08f46,,19,0,0.0,0.0,0.0,0.6355065600000002,0.75,19
in-9c56a08563d056f0,,19,0,0.0,0.0,0.0,0.0,0.0,19
in-63f669715089b1d1,,19,0,0.0,0.0,0.0,0.0,0.0,19
in-e60f7f8e30553e08,,19,2,0.041491323743337284,0.023975625511188457,0.017515698232148824,0.67772611584,0.75,17
in-f8982109357c56e0,,19,5,0.14459678018988525,0.0,0.14459678018988525,0.6491520000000001,0.8110748536061929,14
in-ea2cd0b0c6f52f4f,,19,1,0.017583628704673365,0.0,0.017583628704673365,0.6720611569920002,0.75,18
in-26af18a0c573f667,,19,1,0.009365042475254557,0.009365042475254557,0.0,0.666861529540171,0.0,18
in-6e0bef22111034dc,,19,0,0.0,0.0,0.0,0.0,0.75,19
in-1d2c80ce481cb11f,,19,0,0.0,0.0,0.0,0.0,0.0,19
in-aff3b59d34df3979,,19,5,0.0985961878608448,0.0985961878608448,0.0,0.6795677583360001,0.0,14
in-42b2f9911c525537,,19,0,0.0,0.0,0.0,0.0,0.0,19
in-cd0b808434c4f92d,,19,0,0.0,0.0,0.0,0.0,0.0,19
in-083ac975933f3cb9,,19,5,0.08038837013831496,0.024102189491518974,0.05628618064679599,0.5747721601780499,0.75,14
in-9f46d4765e1e5db4,,19,0,0.0,0.0,0.0,0.6392160000000002,0.0,19
in-879b2fe47e1fbc66,,19,7,0.16034545872992678,0.12072485722645421,0.07804782139627559,0.6966531734556161,0.75,12
in-b743930ff16064e7,,19,6,0.11867666997407614,0.0,0.11867666997407614,0.0,0.75,13
in-3d878553075cff9f,,19,0,0.0,0.0,0.0,0.0,0.0,19
in-66b97dc6ae697ac9,,19,3,0.052219801453792285,0.03198717506051369,0.03574755191802979,0.6954499565097303,0.75,16
in-3787ada24baceced,,19,5,0.14280390727278794,0.0,0.14280390727278794,0.0,0.8419718135027536,14
in-35bde22582c02ec9,,19,0,0.0,0.0,0.0,0.0,0.75,19
in-5986e2e416ec3ef2,,19,3,0.0312793121188907,0.0312793121188907,0.0,0.665046637501676,0.0,16
in-76bdc299da84b00b,,19,0,0.0,0.0,0.0,0.6471648000000002,0.0,19
in-dcd8dd1044f2926f,,19,2,0.042862172503220414,0.0,0.042862172503220414,0.6361939695857993,0.7418663497765859,17
in-c07071dff55c7f74,,19,0,0.0,0.0,0.0,0.0,0.0,19
in-04d821a61bf4f3f8,,19,3,0.06363151109436647,0.04258698900918074,0.06070959693507145,0.6302229926400001,0.75,16
in-6434f75ccfa896cd,,19,5,0.09921049193332071,0.0,0.09921049193332071,0.6995084215344689,0.75,14
in-59f89f855608fde0,,19,6,0.20161221598116352,0.1406279250801802,0.07977433581101268,0.7552021568682138,0.75,13
in-7f1b7715acb11a2e,,19,6,0.1194980395467658,0.0164868143842603,0.1194980395467658,0.6709086950400001,0.75,13
in-4253237d507304c7,,19,1,0.01770852176766647,0.0,0.01770852176766647,0.0,0.75,18
in-2ea46d88545e7e84,,19,2,0.05361936497883448,0.05361936497883448,0.0,0.7508318950217039,0.75,17
in-81cfe369e4ad49b5,,19,1,0.018241741155323232,0.0,0.018241741155323232,0.0,0.75,18
in-3f1f20262049095a,,19,4,0.09388203537250685,0.05236501421840432,0.07309597228702747,0.7576863718912582,0.75,15
in-bf0e9f6211607d23,,19,8,0.16802073817659918,0.02481174506795018,0.16744289837385481,0.9028621562345829,0.75,11
in-ff31808feab0524e,,19,1,0.016467684899986346,0.016467684899986346,0.0,0.7739174709011079,0.0,18
in-4db732b0a6c93338,,19,0,0.0,0.0,0.0,0.0,0.0,19
in-38cb96df699cfbe8,,19,0,0.0,0.0,0.0,0.0,0.0,19
in-02596bd1a3533b48,,19,0,0.0,0.0,0.0,0.0,0.0,19
in-50790458f1cb7392,,19,0,0.0,0.0,0.0,0.644114564592653,0.0,19
in-3eb6babc74e5b1cc,,19,0,0.0,0.0,0.0,0.0,0.0,19
in-f0b8e867898d9fc7,,19,2,0.055256259094072155,0.0,0.055256259094072155,0.7591232341333334,0.845982161948671,17
in-5b082ff425ffc95e,,19,0,0.0,0.0,0.0,0.0,0.0,19
in-2adf3d78f57c1387,,19,0,0.0,0.0,0.0,0.0,0.0,19
in-6a11f6623b90c10e,,19,1,0.010613473738099805,0.010613473738099805,0.0,0.6485645685761867,0.0,18
in-819016745fbf8e52,,19,5,0.08036482629607596,0.04332146104484289,0.05878910328212538,0.6555438840219505,0.75,14
in-b0e3d6930bef9118,,19,3,0.07043345350968211,0.0,0.07043345350968211,0.6605280000000001,0.75,16
in-68c8bc8b4022b6bd,,19,13,0.27859308169570846,0.11126060925571811,0.27859308169570846,0.6539610308072729,0.6823766704874884,6
in-b99d92a34ea0a07c,,19,0,0.0,0.0,0.0,0.6392160000000001,0.0,19
in-b59719e8c96312ce,,19,0,0.0,0.0,0.0,0.6674388105600002,0.75,19
in-9068e588b7dc4f2d,,19,5,0.11295924500415201,0.00954358404074945,0.11295924500415201,0.5944070246400002,0.75,14
in-a8f3619ace5efe56,,19,0,0.0,0.0,0.0,0.4721058924087525,0.0,19
in-277cf9b06c74153d,,19,0,0.0,0.0,0.0,0.7069391480366273,0.0,19
in-f60c7c41c622d9ed,,19,0,0.0,0.0,0.0,0.8497199506819887,0.0,19
in-6d6cab98b74e874f,,19,0,0.0,0.0,0.0,0.0,0.75,19
in-ea5fe0c67dbb09a7,,19,16,0.4021524418640069,0.1873798378024137,0.31425335431141005,0.6910146737323819,0.7052704466654062,3
in-5bd95884fcfdbfe2,,19,11,0.19775340159994592,0.16305319854187283,0.11507376777116035,0.7138327907335441,0.770978981521911,8
in-c27782a9a21e0b3c,,19,0,0.0,0.0,0.0,0.0,0.0,19
in-fc0463e146e0287e,,19,0,0.0,0.0,0.0,0.6325920000000002,0.0,19
in-202d174576a6328b,,19,3,0.05466207391337346,0.0,0.05466207391337346,0.5041341042115349,0.75,16
in-070ac45a5adefcb1,,19,0,0.0,0.0,0.0,0.6398784000000001,0.75,19
in-f1d38688733ca9cc,,19,1,0.008428322137643196,0.008428322137643196,0.0,0.6542224385741068,0.0,18
in-8cb2b3de05fe17bb,,19,5,0.09672589815848666,0.07900663632412779,0.06204231036336799,0.6362960495714156,0.717400006226131,14
in-7558c06efa202e1d,,19,0,0.0,0.0,0.0,0.6139584,0.0,19
in-3d91d1f91a2e35ff,,19,1,0.018714158158553276,0.0,0.018714158158553276,0.6357936000000001,0.75,18
in-2f43fa6cbbb72894,,19,1,0.01828317704953646,0.0,0.01828317704953646,0.6332544000000001,0.75,18
in-024241def5374d0c,,19,0,0.0,0.0,0.0,0.0,0.0,19
in-5b8b8b6b495946f5,,19,0,0.0,0.0,0.0,0.6444504000000001,0.75,19
in-1e8d401875ab7ace,,19,5,0.15744255684942798,0.039013505303827994,0.15744255684942798,0.6807455654400001,0.8012441047938229,14
in-1298c0a075adfe4e,,19,0,0.0,0.0,0.0,0.6352416000000001,0.75,19
in-63a74d7b6f2db43c,,19,0,0.0,0.0,0.0,0.0,0.0,19
in-8335c5296046dc27,,19,10,0.21126169605542708,0.1086023562041182,0.1471461816919455,0.6131421092471594,0.6047474213361664,9
in-59102c073373b270,,19,0,0.0,0.0,0.0,0.0,0.75,19
in-77953b80cd21723e,,19,0,0.0,0.0,0.0,0.0,0.0,19
in-f9055be6f9ab983b,,19,0,0.0,0.0,0.0,0.6194764800000001,0.0,19
in-88f21b93380f7581,,19,0,0.0,0.0,0.0,0.0,0.0,19
in-792c7c65733a1995,,19,3,0.07609417289178523,0.05092551560178369,0.06592352892223158,0.5918216162864283,0.75,16
in-2650e0f960a33a06,,19,3,0.05375799179565337,0.02156659588728375,0.038305383606960904,0.7110569349879753,0.75,16
in-12365ed7bd9554c7,,19,6,0.12349632222016138,0.058311119522654956,0.10639168776963888,0.5834315404677616,0.75,13
in-1d1c0634c3f84857,,19,0,0.0,0.0,0.0,0.0,0.75,19
in-9816de77297ab668,,19,5,0.13402981215391332,0.07263723633780905,0.06139257581610429,0.7448068670749666,0.75,14
in-97ca47c5f555e42a,,19,1,0.020917725563049317,0.008722454655898257,0.020917725563049317,0.664293309067566,0.7966204935099762,18
in-3adbfcd2c67f939d,,19,0,0.0,0.0,0.0,0.6318091636363637,0.0,19
in-b708da2b33f5c59c,,19,5,0.13001134270115902,0.0,0.13001134270115902,0.0,0.7543025583242383,14
in-57793e22513bd508,,19,10,0.26981321413372383,0.0589016664054842,0.26981321413372383,0.6300684657600002,0.7567704071588156,9
in-50b5841a24fd900e,,19,0,0.0,0.0,0.0,0.0,0.0,19
in-1c5a5a5c1628040b,,19,2,0.06316126294517584,0.03240788986859683,0.06316126294517584,0.6751427212800002,0.8503497883444459,17
in-3e332c91d6fcc338,,19,0,0.0,0.0,0.0,0.0,0.0,19
in-b99d92a34ea0a07c,,19,0,0.0,0.0,0.0,0.0,0.75,19
in-8e8358720b2049a4,,19,2,0.0233566192225934,0.0,0.0233566192225934,0.5100414963894511,0.6277054311931054,17
in-edd6ccf5e0d85d3f,,19,0,0.0,0.0,0.0,0.6372288,0.0,19
in-a54cf9211ca3232d,,19,2,0.013636769032506652,0.013636769032506652,0.0,0.5951446642375929,0.0,17
in-731fc34f48c31ddd,,19,5,0.09432629354925108,0.02539631136388729,0.06892998218536378,0.6379414264800001,0.75,14
in-66e35ec4c60e8c65,,19,4,0.037030767274015164,0.037030767274015164,0.0,0.7438676091075214,0.0,15
in-ed7c0956d23b6e08,,19,7,0.16976194435056952,0.0,0.16976194435056952,0.69718869504,0.6814700915813446,12
in-bafe771b70f448ef,,19,0,0.0,0.0,0.0,0.6290995200000001,0.0,19
in-b608315da704076b,,19,11,0.2526956486958289,0.06081269471277326,0.2526956486958289,0.6449645620741636,0.6870717223178924,8
in-82c62095c56a09f5,,19,4,0.09636053389756531,0.028006370620688874,0.09636053389756531,0.45393882165270216,0.8453798944678209,15
in-97cdfcc6f1f52a25,,19,0,0.0,0.0,0.0,0.0,0.0,19
in-54f7e34be407fc22,,19,1,0.020455779527363025,0.012176946300413213,0.020455779527363025,0.5747101387578696,0.75,18
in-d5c2072747d98126,,19,4,0.06911258808827095,0.011640872939144386,0.057471715149126565,0.6653377440000001,0.75,15
in-e8411fca8ec06a8c,,19,4,0.0719235424974226,0.0719235424974226,0.0,0.6329728270080002,0.0,15
in-9516ffa363431c52,,19,0,0.0,0.0,0.0,0.0,0.0,19
in-4e2c7333fb3867a6,,19,4,0.11431741065303898,0.030536162032876055,0.11265532469845664,0.6697770717262908,0.8224285763594792,15
in-8f6c36d10ffe8c6f,,19,1,0.01492392207876364,0.01492392207876364,0.0,0.736238324070196,0.0,18
in-79e4552f2ecf8e59,,19,0,0.0,0.0,0.0,0.0,0.0,19
in-b5334b461893d9f6,,19,0,0.0,0.0,0.0,0.0,0.75,19
in-a44840d1dd1c3294,,19,0,0.0,0.0,0.0,0.0,0.0,19
in-17ea04997c6f7520,,19,0,0.0,0.0,0.0,0.6306048000000001,0.0,19
in-4dd4be4468b8f8b5,,19,7,0.14438794298071997,0.1275835372519147,0.052956786067319406,0.6682470531980708,0.7583588242902184,12
in-036c776371efd2b7,,19,4,0.12746409368665998,0.12746409368665998,0.0653634178011041,0.8878744122321213,0.75,15
in-fc00c70672996923,,19,5,0.11538300615146228,0.0,0.11538300615146228,0.6636568907520001,0.846008875214296,14
in-3974672cef9dd264,,19,11,0.15646656962581806,0.13805142412824503,0.01841514549757305,0.6139457255045793,0.75,8
in-beb1a85439fc3710,,19,0,0.0,0.0,0.0,0.0,0.75,19
in-7b43a558de387eeb,,19,0,0.0,0.0,0.0,0.0,0.0,19
in-15fc9d5bf30a4f52,,19,0,0.0,0.0,0.0,0.5687267040000001,0.75,19
in-78cf01cb605e5896,,19,3,0.08031716945983404,0.08031716945983404,0.0,0.8400159600855072,0.659532339606132,16
in-032bc9411bdc659a,,19,1,0.006207908669774412,0.006207908669774412,0.0,0.6847300433606008,0.0,18
in-1f4ca5ad774310ff,,19,6,0.12417674566570085,0.0,0.12417674566570085,0.9061077978393328,0.75,13
in-2b4593a631e8c63d,,19,0,0.0,0.0,0.0,0.0,0.0,19
in-e7b40f00ec330220,,19,0,0.0,0.0,0.0,0.0,0.0,19
in-7572e23d64239874,,19,1,0.027505603885049863,0.027505603885049863,0.0,0.6537712109472043,0.0,18
in-2b8cc0db3b3c53f0,,19,0,0.0,0.0,0.0,0.0,0.0,19
in-b9d4aea91e3f2d0c,,19,1,0.011464788406454787,0.011464788406454787,0.0,0.5777765977723994,0.75,18
in-b418b4139ba55785,,19,1,0.027482879161834717,0.0,0.027482879161834717,0.8095649964006685,0.75,18
in-36f958252c0f085c,,19,0,0.0,0.0,0.0,0.0,0.0,19
in-e2edd8471b03019f,,19,3,0.07358086862062153,0.0,0.07358086862062153,0.0,0.75,16
in-9b5f98ea7564baaf,,19,0,0.0,0.0,0.0,0.7070123319910019,0.0,19
in-fa78458f9443eaa7,,19,7,0.17328860810198543,0.0355154630764603,0.17328860810198543,0.6884494761600002,0.8064989398662661,12
in-752b949d027be167,,19,3,0.07222715539174644,0.06120287370386195,0.07057675311439916,0.6534541113600002,0.75,16
in-4256252b53fa4d02,,19,2,0.053400410088138464,0.035103443660887544,0.05060334136419838,0.6695398771200002,0.7846237742816446,17
in-04a259358cfcce85,,19,0,0.0,0.0,0.0,0.0,0.0,19
in-d7de06cb3625cd66,,19,1,0.01751367292906109,0.0,0.01751367292906109,0.6416448,0.75,18
in-0c8b9a27ece5aea6,,19,5,0.11035601151616951,0.0,0.11035601151616951,0.0,0.75,14
in-3a1a1a0b4fe62a7e,,19,0,0.0,0.0,0.0,0.0,0.0,19
in-390283a8b7c0d729,,19,0,0.0,0.0,0.0,0.0,0.0,19
in-33451d1313ab6342,,19,0,0.0,0.0,0.0,0.6481323676800002,0.75,19
in-05083d32f3b2c12f,,19,0,0.0,0.0,0.0,0.6328569600000001,0.75,19
in-e83f241d7e1a6827,,19,0,0.0,0.0,0.0,0.0,0.0,19
in-58bfabff667346c3,,19,0,0.0,0.0,0.0,0.6621696,0.0,19
in-3b63eee1df14e4f6,,19,10,0.1712710878387982,0.1712710878387982,0.0,0.8488767082660834,0.0,9
in-8645b91cb93ab776,,19,0,0.0,0.0,0.0,0.0,0.0,19
in-448e625116919c52,,19,0,0.0,0.0,0.0,0.6199243776,0.0,19
in-554dc0d2bef78a4c,,19,2,0.0573600653036163,0.0,0.0573600653036163,0.6463164685481022,0.7024408811054674,17
in-f9819a980c1976e8,,19,7,0.15836289430919448,0.0,0.15836289430919448,0.5634305261872531,0.75,12
in-9187a968e8e70d08,,19,0,0.0,0.0,0.0,0.0,0.0,19
in-46527b145958f44b,,19,7,0.132470461724024,0.07123429140485345,0.07452758487902192,0.7849568907668566,0.75,12
in-d7f955d1258c78ff,,19,2,0.03947547358761865,0.03947547358761865,0.0,0.6354914092737578,0.7403436612577463,17
in-1dbacc57e8e788a6,,19,0,0.0,0.0,0.0,0.0,0.0,19
in-21d24d42a7df10cd,,19,8,0.13062979699480554,0.13062979699480554,0.0,0.6695398771200001,0.75,11
in-208b2e5025df647a,,19,8,0.13625654571115892,0.07551262162671994,0.09421683957506799,0.5901564421181302,0.7553711664175029,11
in-04b0497aa91e1731,,19,3,0.08405950930686494,0.0,0.08405950930686494,0.0,0.7246811758090201,16
in-c8b5d048476a93d0,,19,1,0.016240646230477135,0.016240646230477135,0.0,0.68478991488,0.75,18
in-51cd42538efb0461,,19,0,0.0,0.0,0.0,0.0,0.0,19
in-6c05d56a44786edb,,19,0,0.0,0.0,0.0,0.7005600000000001,0.0,19
in-90b42c07ae279875,,19,5,0.0927186722096445,0.02279962280731914,0.06991904940232535,0.69565698731115,0.8452545030200268,14
in-88a51045bc7d4a9a,,19,0,0.0,0.0,0.0,0.580873442125803,0.0,19
in-c5e271e8acbb4617,,19,0,0.0,0.0,0.0,0.0,0.75,19
in-6bc6196e3d58f7e3,,19,0,0.0,0.0,0.0,0.0,0.0,19
in-49c600e867b28fcc,,19,0,0.0,0.0,0.0,0.5954707065600001,0.7781660685647455,19
in-b7a2468228c54cc1,,19,0,0.0,0.0,0.0,0.821723376515278,0.75,19
in-195c25519bd7260c,,19,4,0.13216643579516177,0.034203177970556664,0.13216643579516177,0.5671896048,0.845985730808747,15
in-8ea91331725eff8e,,19,6,0.08789423344070192,0.08789423344070192,0.0,0.7686115593513999,0.0,13
in-5c64baea4f999645,,19,2,0.014177543718711114,0.014177543718711114,0.0,0.5233770283912076,0.0,17
in-acb2a7db662d2b2b,,19,6,0.13675464037470414,0.057306295948819884,0.12799214175326953,0.6758415129600001,0.6343556676970589,13
in-b623fdf7e964fd6d,,19,1,0.023875579081083603,0.0,0.023875579081083603,0.0,0.75,18
in-5d8fe52e81a725a5,,19,0,0.0,0.0,0.0,0.6545664000000001,0.0,19
in-39848e6803383ecc,,19,0,0.0,0.0,0.0,0.0,0.0,19
in-3902e97b79f7d2cf,,19,0,0.0,0.0,0.0,0.7268689566624651,0.75,19
in-fa78458f9443eaa7,,19,1,0.032959663300715064,0.032959663300715064,0.0,0.6949559679152139,0.75,18
in-5dd25edd3f4bc389,,19,0,0.0,0.0,0.0,0.0,0.0,19
in-b512302fe3907f2d,,19,2,0.04334534845854108,0.0,0.04334534845854108,0.0,0.75,17
in-4e852e4285a16380,,19,8,0.2080063630251244,0.0,0.2080063630251244,0.5128583365646358,0.7835293245315552,11
in-6482dbbaf700f094,,19,3,0.05499412386040939,0.0,0.05499412386040939,0.6315840000000001,0.75,16
in-f0b48fead02e6e98,,19,7,0.1654579639750903,0.08121017758974787,0.14603283920250784,0.7704889063301847,0.7672635722556069,12
in-42b55a983bf16945,,19,7,0.19306898046411244,0.0,0.19306898046411244,1.0,0.7917978032973381,12
in-5d555c25fc522941,,19,0,0.0,0.0,0.0,0.6719821152051133,0.75,19
in-57b11b81933f1ce0,,19,6,0.1272712450278433,0.01727521397409362,0.1272712450278433,0.6242070108844571,0.75,13
in-086a9933cd2b22d2,,19,2,0.03491812738575195,0.03491812738575195,0.0,0.5940161021056587,0.0,17
in-b6d25c92fe133ceb,,19,4,0.0697158375943686,0.04629458808057376,0.06131076938227604,0.5673411674400001,0.7428560497344607,15
in-ad982b420f5bc14c,,19,0,0.0,0.0,0.0,0.625939513648898,0.0,19
in-4cbcdf1495f274ef,,19,0,0.0,0.0,0.0,0.6144624000000001,0.0,19
in-56ea52f546a48eee,,19,0,0.0,0.0,0.0,0.0,0.0,19
in-042b565c84045356,,19,7,0.13444741057317663,0.0914860245701843,0.04296138600299233,0.7371974034519275,0.641444794086002,12
in-290c255a99e5d600,,19,9,0.106610247007629,0.07789527834881388,0.039484955135144696,0.6393502592445864,0.75,10
in-36736ae33c38a4df,,19,1,0.017994441484150137,0.0,0.017994441484150137,0.0,0.75,18
in-7fc5ece4003641b6,,19,0,0.0,0.0,0.0,0.0,0.0,19
in-fac0a95b0783fd9d,,19,5,0.10485249116933247,0.01390777875634771,0.09094471241298477,0.6333305296320002,0.75,14
in-a17d7e782cb5033c,,19,3,0.07594940965477012,0.05694975716867168,0.042088380612825105,0.830376334950796,0.75,16
in-9b2c3343da5b9f4d,,19,0,0.0,0.0,0.0,0.8454341614808242,0.0,19
in-31f31027671f0476,,19,0,0.0,0.0,0.0,0.0,0.0,19
in-07a9c2a299829676,,19,13,0.2881639878021733,0.25486984084638864,0.1565558948014912,0.7002075339153769,0.6468493129147423,6
in-e07c53dcbcbf3274,,19,7,0.14488258236332946,0.018877935903297526,0.14488258236332946,0.5846342400000001,0.75,12
in-c8c99bad5e50bd2d,,19,0,0.0,0.0,0.0,0.0,0.0,19
in-d2f675fc5b4bfbf8,,19,0,0.0,0.0,0.0,0.0,0.0,19
in-e73b0bc1ec1ad643,,19,4,0.14734055098758525,0.14734055098758525,0.0,0.9273012826812513,0.0,15
in-43db16c291d4d8cb,,19,0,0.0,0.0,0.0,0.6821462764800001,0.0,19
in-d18c707abbf6d1eb,,19,0,0.0,0.0,0.0,0.5986843941828954,0.0,19
in-3c4ddef70b765aac,,19,0,0.0,0.0,0.0,0.0,0.0,19
in-2e43cfa3de5cdbea,,19,0,0.0,0.0,0.0,0.6318633600000002,0.0,19
in-b4356c6ed1117311,,19,5,0.11652820925963554,0.0,0.11652820925963554,0.0,0.75,14
in-5a81c5ecd1c8765b,,19,3,0.06010588962703326,0.03441306462622932,0.0409055979628312,0.6227940928376343,0.75,16
in-37f56b3eb3692f4f,,19,0,0.0,0.0,0.0,0.0,0.0,19
in-3e88a9eb25ce6e9b,,19,0,0.0,0.0,0.0,0.0,0.0,19
in-cbc4fc39eb5961f3,,19,0,0.0,0.0,0.0,0.8233752989050883,0.0,19
in-977cc68b23fca00d,,19,0,0.0,0.0,0.0,0.0,0.0,19
in-4194860976cb1be9,,19,1,0.006183629890378853,0.006183629890378853,0.0,0.5840112234056423,0.0,18
in-601c49b2a52c9d10,,19,11,0.17051707537917107,0.06102662518512597,0.13146762220483077,0.6770744037914017,0.75,8
in-3c9053efee28bcf7,,19,5,0.12103729059821684,0.0,0.12103729059821684,0.0,0.75,14
in-8543415ad2ef374e,,19,1,0.026494984267636395,0.020533786431375392,0.026494984267636395,0.8847410072571634,0.8470281591498157,18
in-9952e2c2c0e072ea,,19,1,0.03225360274130822,0.0,0.03225360274130822,0.5510857895428858,0.8234453529543944,18
in-040fa566371acf2f,,19,1,0.009838894254346019,0.009838894254346019,0.0,0.6084598195200001,0.0,18
in-acc05f25dcb874c4,,19,1,0.01753047014537611,0.0,0.01753047014537611,0.6945476188861714,0.75,18
in-3bbc02175fffffaa,,19,0,0.0,0.0,0.0,0.0,0.0,19
in-f436eaa0ec0e4041,,19,0,0.0,0.0,0.0,0.6415344000000001,0.0,19
in-7a8a10ccaf18bc6e,,19,0,0.0,0.0,0.0,0.0,0.0,19
in-75c9b1e808efbcc2,,19,0,0.0,0.0,0.0,0.0,0.75,19
in-7d12206e33578a17,,19,0,0.0,0.0,0.0,0.0,0.0,19
in-bf8d476ee388de0d,,19,0,0.0,0.0,0.0,0.0,0.0,19
in-065469823b71882f,,19,0,0.0,0.0,0.0,0.0,0.75,19
in-9bf4d6d9ee1e4a14,,19,8,0.10374983040206628,0.028587420340878723,0.07516241006118757,0.5588834138171995,0.7417296674964211,11
in-c20d12035abeb595,,19,0,0.0,0.0,0.0,0.0,0.75,19
in-98d38d97f5392aef,,19,4,0.07565395267386188,0.0,0.07565395267386188,0.0,0.75,15
in-8a9eb5ffe70927ec,,19,0,0.0,0.0,0.0,0.6762240244253732,0.0,19
in-2511582640fae0ca,,19,0,0.0,0.0,0.0,0.6836707305426344,0.0,19
in-75aabc2af29af24c,,19,1,0.028470141597937027,0.028470141597937027,0.0,1.0,0.0,18
in-e5a40a553d833e46,,19,2,0.03868358045745784,0.02101826171659324,0.03868358045745784,0.5644701216000001,0.7987738360759917,17
in-94c8e798911e3470,,19,11,0.27339965960782,0.23752324381421505,0.21607151552936169,0.681961522176,0.7253077083134782,8
in-dc4211cf4f433019,,19,0,0.0,0.0,0.0,0.0,0.0,19
in-312ae5116abe958d,,19,0,0.0,0.0,0.0,0.0,0.75,19
in-abcde2d27f5adc56,,19,0,0.0,0.0,0.0,0.292764447177279,0.0,19
in-a789b84313a34bc3,,19,0,0.0,0.0,0.0,0.0,0.0,19
in-cd884a98466c5d51,,19,2,0.030059962603540047,0.030059962603540047,0.0,0.6831968097600002,0.75,17
in-5b8aa2d5e459aff9,,19,0,0.0,0.0,0.0,0.0,0.0,19
in-b7f6c244f45d842b,,19,0,0.0,0.0,0.0,0.0,0.75,19
in-4d39d1108694485c,,19,2,0.017269256486595563,0.017269256486595563,0.0,0.6055275070516792,0.848536547954116,17
in-75321c71d3b48fdc,,19,4,0.12427502569047384,0.0597939959740965,0.12427502569047384,0.6737420102400002,0.8476892360170064,15
in-cb6f83835b1255e9,,19,0,0.0,0.0,0.0,0.0,0.0,19
in-fe47a8774f6fee8b,,19,4,0.11543546521089525,0.07868779566466753,0.08875223523692082,0.6488447865524833,0.75,15
in-1e1ce49119c87608,,19,0,0.0,0.0,0.0,0.0,0.0,19
in-4f4c7c65d5d697a1,,19,0,0.0,0.0,0.0,0.6519194102601739,0.75,19
in-688c9596567360d1,,19,19,0.4901809211154452,0.4061340358881591,0.34874400540677075,0.6901155073183226,0.7397359902645645,0
in-df4c58ba7dee56c3,,19,6,0.13447487976017597,0.02338869046208325,0.11108618929809272,0.5721636537986621,0.8335517168027796,13
in-80759602520c230d,,19,9,0.18359487872374688,0.07914675412257688,0.18359487872374688,0.7382957774705471,0.7466104611706091,10
in-994763d7530e88b1,,19,0,0.0,0.0,0.0,0.61881560928,0.75,19
in-58476ea449693e80,,19,0,0.0,0.0,0.0,0.0,0.75,19
in-5dc0137fea6a865d,,19,3,0.041410371544822626,0.03388842114198269,0.018557343984905043,0.6105535180800001,0.75,16
in-9a4ed3eee44b552b,,19,0,0.0,0.0,0.0,0.6491367206400002,0.8229544119971426,19
in-1bb577efa30c9a9d,,19,3,0.07998000954452013,0.0,0.07998000954452013,0.65087136,0.7831111805198164,16
in-68071ee351033ae8,,19,0,0.0,0.0,0.0,0.6653377440000001,0.6128986914952596,19
in-21b65d0610e66d01,,19,0,0.0,0.0,0.0,0.6514920000000001,0.0,19
in-cc29618e4e7fdc66,,19,0,0.0,0.0,0.0,0.0,0.75,19
in-99e491f32ff77da0,,19,1,0.0076135666030777175,0.0076135666030777175,0.0,0.6346025590165087,0.0,18
in-dcc9d1100fe0d9bc,,19,0,0.0,0.0,0.0,0.0,0.0,19
in-731fc34f48c31ddd,,19,1,0.03157894736842106,0.0,0.03157894736842106,0.6164928000000001,0.75,18
in-e942406df60bc3aa,,19,0,0.0,0.0,0.0,0.0,0.0,19
in-3cb0315c9817c8d0,,19,0,0.0,0.0,0.0,0.6392160000000002,0.0,19
in-f988f7a6d46776de,,19,0,0.0,0.0,0.0,0.0,0.0,19
in-fccebe9f39e20a5c,,19,1,0.01985016120107551,0.0,0.01985016120107551,0.6082855411200002,0.75,18
in-6f63caf96ed89488,,19,0,0.0,0.0,0.0,0.0,0.0,19
in-e20b167f7df3337c,,19,0,0.0,0.0,0.0,0.0,0.75,19
in-c3d2f61b501acb8c,,19,1,0.018525368288943644,0.009244125980590972,0.018525368288943644,0.5844857760000001,0.75,18
in-a59b8ff1f09df0ec,,19,0,0.0,0.0,0.0,0.0,0.0,19
in-3ba7bd305620f5c0,,19,0,0.0,0.0,0.0,0.6621696,0.0,19
in-fafd0a966425224e,,19,0,0.0,0.0,0.0,0.6522109278720001,0.7798057302750687,19
in-761b1a8b3aa91eb0,,19,4,0.07671528518175484,0.05661405792337375,0.04903039493058858,0.678431063189981,0.75,15
in-73204c7e4e84e27c,,19,4,0.08417860395029973,0.0,0.08417860395029973,0.6170322240000001,0.75,15
in-46d754a162037993,,19,9,0.21619882289421957,0.17919268067635374,0.09470896218952381,0.7054694352429955,0.75,10
in-540815cc4ce89fb2,,19,0,0.0,0.0,0.0,0.0,0.0,19
in-68f31e7fac3352a2,,19,0,0.0,0.0,0.0,0.0,0.0,19
in-520d9e37336f7ecd,,19,0,0.0,0.0,0.0,0.62208820224,0.75,19
in-577787b9f31fbd5c,,19,0,0.0,0.0,0.0,0.0,0.0,19
in-456c0a8c0e5eb68b,,19,0,0.0,0.0,0.0,0.6409382400000001,0.75,19
in-a2bc175d8827c181,,19,0,0.0,0.0,0.0,0.0,0.75,19
in-7a7711191c02b046,,19,3,0.0748802569966589,0.0748802569966589,0.0,0.808510599444959,0.0,16
in-cf284d58281847c3,,19,12,0.31547326079507143,0.1644346412913376,0.2991231387279595,0.7570580610254635,0.7816662412588934,7
in-086000ce40db58ea,,19,1,0.03795264507965311,0.03795264507965311,0.033094991679303826,0.646508032346011,0.7093547950522041,18
in-b9943437f11e6e7b,,19,0,0.0,0.0,0.0,0.7320300207399032,0.0,19
in-671270d41e76ca55,,19,0,0.0,0.0,0.0,0.0,0.0,19
in-14d73f227fd45146,,19,8,0.15011377251272734,0.11469374749032099,0.06618396528466625,0.7693611299587925,0.7403217470645904,11
in-28a75def2ed995eb,,19,6,0.10763266332229696,0.05661313279237247,0.0571009962182296,0.5742831379075677,0.75,13
in-842da0921d6c1142,,19,2,0.013489943060914155,0.013489943060914155,0.0,0.5671513090658228,0.0,17
in-e39740a3ca7538c4,,19,0,0.0,0.0,0.0,0.0,0.0,19
in-0b1202bf3556f0ec,,19,14,0.29381495990966855,0.23483466881483886,0.2570155319414641,0.6230739763862255,0.75,5
in-12dd56b9ad69fd1c,,19,2,0.04089768460214099,0.0,0.04089768460214099,0.8196493309045115,0.7586862375674298,17
in-965f58ca3e59d3f2,,19,5,0.1046578211276354,0.03486158142531027,0.06979623970232512,0.67503131904,0.6975149718920389,14
in-bb6d15840f305774,,19,0,0.0,0.0,0.0,0.0,0.0,19
in-7461bc5cf0db64c7,,19,11,0.2531514726057803,0.16502646005644128,0.23364854298139875,0.6614986710109091,0.75,8
in-4250b91d85b051d1,,19,2,0.017734786505759922,0.017734786505759922,0.0,0.5397968271636163,0.7754095149040222,17
in-4c09ca0e694fbbae,,19,0,0.0,0.0,0.0,0.7809544797461416,0.0,19
in-6db24020e2a08372,,19,0,0.0,0.0,0.0,0.0,0.8381265297487241,19
in-70a2eb5261b8c030,,19,14,0.40157958956486045,0.3983540385412795,0.1415328571670934,0.8484595174657087,0.75,5
in-2cdf2399ee76c432,,19,2,0.038936229756003936,0.0,0.038936229756003936,1.0,0.75,17
in-7dcac2d609f1fbd9,,19,1,0.0056573954862852134,0.0056573954862852134,0.0,0.6253566440458154,0.0,18
in-43a7c274bcc52a42,,19,0,0.0,0.0,0.0,0.0,0.0,19
in-159c6d093e97476a,,19,0,0.0,0.0,0.0,0.0,0.75,19
in-00312d85ec873f86,,19,5,0.08745047735464022,0.014691798063984398,0.08745047735464022,0.6138585248804899,0.62746908377941,14
in-5f24905b422258e8,,19,12,0.20208506669622925,0.20208506669622925,0.0,0.6735411797768587,0.0,7
in-101e930210888ced,,19,2,0.04594141433113501,0.011584999034595403,0.04594141433113501,0.6165544680000001,0.75,17
in-607eea3f1c789f52,,19,3,0.026418043095593112,0.026418043095593112,0.0,0.5889483143823184,0.0,16
in-77696a202803c29b,,19,6,0.1299663360716225,0.05442987511493275,0.1246458487580356,0.6666077146460524,0.6900272243759206,13
in-e03357f052aa5454,,19,0,0.0,0.0,0.0,0.0,0.75,19
in-b9d4aea91e3f2d0c,,19,0,0.0,0.0,0.0,0.0,0.75,19
in-27d3e2e8b7c41d36,,19,4,0.08617573537324606,0.0,0.08617573537324606,0.5984625907200002,0.75,15
in-5368a337ff9c506e,,19,6,0.12112988045341092,0.026770041766162454,0.12112988045341092,0.6765434323200001,0.75,13
in-82265fcf199f7655,,19,9,0.1605631093281429,0.0032456403336007214,0.1573174689945422,0.5494436555776308,0.75,10
in-e3d8d5c1ebc47e7c,,19,0,0.0,0.0,0.0,0.7602470470855918,0.0,19
in-2734c078034e1138,,19,0,0.0,0.0,0.0,0.6451776,0.0,19
in-8ad8e7c8de4037c3,,19,8,0.13690576328207954,0.06209167392026643,0.0748140893618131,0.7146782726000438,0.7804560705123365,11
in-cd349d1d935d2e5e,,19,6,0.1419997671889337,0.11117822064402655,0.1117814954958464,0.6973134896217051,0.75,13
in-1275cf05b8a8e15e,,19,0,0.0,0.0,0.0,0.0,0.75,19
in-7433c244aa75bf36,,19,2,0.06195659998727976,0.06195659998727976,0.0,0.793541461325732,0.0,17
in-6e8ead8624b31da0,,19,0,0.0,0.0,0.0,0.0,0.0,19
in-db50373d77abc3a2,,19,6,0.11047074329664333,0.0,0.11047074329664333,0.9304599253382305,0.626211077372233,13
in-6727fdf72c571305,,19,0,0.0,0.0,0.0,0.6622713600000001,0.0,19
in-9bb941902e40dc2d,,19,0,0.0,0.0,0.0,0.0,0.0,19
in-b623fdf7e964fd6d,,19,0,0.0,0.0,0.0,0.0,0.75,19
in-bee82521a330a463,,19,0,0.0,0.0,0.0,0.6312672000000001,0.0,19
in-bc3b380ce792d5ca,,19,6,0.13420726854479317,0.0,0.13420726854479317,0.6332544000000001,0.6793509186503072,13
in-69b68bde3423c7fc,,19,8,0.1581273097436267,0.1581273097436267,0.017836371848457738,0.845511757453573,0.7261875832080841,11
in-1aa0a368df24410e,,19,4,0.12463672314836387,0.0,0.12463672314836387,0.0,0.8111315674011987,15
in-33f7ac68b9c721cf,,19,1,0.017575117161399444,0.0,0.017575117161399444,0.8016354073132094,0.75,18
in-f5192928b9c27a52,,19,0,0.0,0.0,0.0,0.0,0.0,19
in-9af59d2bfaa79ff6,,19,2,0.06462401509984833,0.04543814766479456,0.05076481480347484,0.965194863268847,0.75,17
in-9a61ab74ccf2c2d9,,19,0,0.0,0.0,0.0,0.0,0.0,19
in-2ef695b1bb448e7c,,19,0,0.0,0.0,0.0,0.0,0.0,19
in-71b9b34fb65f0c08,,19,0,0.0,0.0,0.0,0.0,0.0,19
in-ad7fa35925df15ac,,19,0,0.0,0.0,0.0,0.0,0.0,19
in-e8c2d05b0ec6d216,,19,0,0.0,0.0,0.0,0.0,0.0,19
in-777325d37a9c6b57,,19,0,0.0,0.0,0.0,0.6412032000000001,0.0,19
in-bfafddc5c4fcdca4,,19,1,0.007513574835209591,0.007513574835209591,0.0,0.5286502781083049,0.8002285395290497,18
in-b43f970b349508c3,,19,1,0.029114401136764428,0.029114401136764428,0.0,0.7768103130063206,0.75,18
in-a8c9ec23b2864f1d,,19,3,0.05406540672380261,0.0,0.05406540672380261,0.7107086016,0.6835896715904598,16
in-46ff1b2122b97cb8,,19,0,0.0,0.0,0.0,0.0,0.0,19
in-ad79e85e7bf42da7,,19,0,0.0,0.0,0.0,0.0,0.75,19
in-cf71d1051ebbaecd,,19,0,0.0,0.0,0.0,0.0,0.0,19
in-47bbd47e0472b0e6,,19,1,0.009173823088063244,0.009173823088063244,0.0,0.6284846305233912,0.0,18
in-0e1bdbb226a3d5af,,19,5,0.1414325064322288,0.13687343442799352,0.03358517744742697,0.7874664987008727,0.8491146504878999,14
in-8a05d38449430198,,19,0,0.0,0.0,0.0,0.6633787622400001,0.7831855400953209,19
in-5234a3e36083c4a4,,19,8,0.1432145761454489,0.044479044861567577,0.10089374126026289,0.529440281250858,0.7786173670034922,11
in-4664ea614c51f527,,19,0,0.0,0.0,0.0,0.0,0.8466313965775542,19
in-8309226b8eb92e80,,19,0,0.0,0.0,0.0,0.0,0.75,19
in-5a18a668ba2fbe0b,,19,1,0.019390695973446496,0.0,0.019390695973446496,0.0,0.75,18
in-f8a19f5383c52abe,,19,0,0.0,0.0,0.0,0.6462552,0.0,19
in-8e425ac0c63aab54,,19,0,0.0,0.0,0.0,0.0,0.0,19
in-8714fb67e5eb3bbb,,19,0,0.0,0.0,0.0,0.0,0.75,19
in-7c677818edebe75f,,19,5,0.048436411154056266,0.048436411154056266,0.0,0.5998645705012848,0.0,14
in-79f9ed262e70d84f,,19,0,0.0,0.0,0.0,0.0,0.0,19
in-cd4536bf094c8252,,19,2,0.036106205613989584,0.0,0.036106205613989584,0.6764905850784109,0.75,17
in-342b32d766851b29,,19,3,0.038630506355202036,0.0,0.038630506355202036,0.7205648146112071,0.6824351119170456,16
in-b384ffc42151e03d,,19,0,0.0,0.0,0.0,0.0,0.0,19
in-f6f38be2ac0d3b85,,19,0,0.0,0.0,0.0,0.64714126272,0.75,19
in-670945bc83ff16b5,,19,0,0.0,0.0,0.0,0.0,0.0,19
in-2593b448c9f1b4b3,,19,0,0.0,0.0,0.0,0.0,0.0,19
in-af0ee87bf67e9015,,19,0,0.0,0.0,0.0,0.0,0.0,19
in-40559dfc6cb7850e,,19,0,0.0,0.0,0.0,0.0,0.0,19
in-886746a372806c81,,19,0,0.0,0.0,0.0,0.0,0.0,19
in-66d09a7cc5a289f5,,19,1,0.01166960023534296,0.01166960023534296,0.0,0.7066510477926776,0.0,18
in-a4adb73384054d6f,,19,3,0.07258439126767612,0.046490781807099354,0.07258439126767612,0.5625510609779006,0.75,16
in-c8b3a591976a74f1,,19,8,0.19367328623995714,0.05551230746701876,0.13816097877293837,0.7234857956815443,0.6552058765361731,11
in-66f4c39e32e33eee,,19,1,0.026641986872020528,0.0,0.026641986872020528,0.620619264,0.75,18
in-3f4b9ac6571c8e8a,,19,2,0.04022729647786994,0.0,0.04022729647786994,0.6534386124224381,0.75,17
in-deb73d430b786346,,19,2,0.02450808513740945,0.0,0.02450808513740945,0.8711884233875447,0.6126883840560913,17
in-7d12206e33578a17,,19,6,0.12412593517733794,0.03187360229473861,0.12412593517733794,0.7374593569389619,0.7747790484346833,13
in-6f5efd5e21f89c94,,19,0,0.0,0.0,0.0,0.0,0.0,19
in-ea6215d0742b0363,,19,0,0.0,0.0,0.0,0.0,0.0,19
in-1f2f64db959bb86f,,19,0,0.0,0.0,0.0,0.6320620800000001,0.0,19
in-32dc997e3646c5ee,,19,8,0.11661483365592025,0.11661483365592025,0.0,0.6737420102400002,0.775645951093825,11
in-26daed0cc1b1f55a,,19,0,0.0,0.0,0.0,0.0,0.0,19
in-854a1f223079dde5,,19,0,0.0,0.0,0.0,0.0,0.0,19
in-9af9d6b51de4f3e4,,19,0,0.0,0.0,0.0,0.6171264000000001,0.0,19
in-7699fde68b752b85,,19,0,0.0,0.0,0.0,0.5510666540294413,0.0,19
in-3bceae6430a2579d,,19,0,0.0,0.0,0.0,0.0,0.75,19
in-66e2f2f3d3633e25,,19,4,0.09962832173705087,0.09962832173705087,0.0,0.6188487510510778,0.0,15
in-22edc9e9cdcf8599,,19,12,0.335978373286801,0.1922773389110383,0.2097888675480405,0.6870098209791872,0.7824727638615069,7
in-c01fa59fa2b211b4,,19,0,0.0,0.0,0.0,0.0,0.0,19
in-bb3d645c684c2cf3,,19,0,0.0,0.0,0.0,0.0,0.75,19
in-5eec5c1654434b7f,,19,6,0.11969741818173277,0.008027931789645922,0.11969741818173277,0.4888547856808119,0.659315924411543,13
in-a04548ed1d35faae,,19,0,0.0,0.0,0.0,0.0,0.75,19
in-a61c1082390cb772,,19,4,0.09145243569339952,0.052600781163827985,0.07688255498283789,0.7532415026078263,0.7580859576108475,15
in-1b7bffe523b0cfa4,,19,0,0.0,0.0,0.0,0.0,0.0,19
in-f6c1b092996b0bd8,,19,0,0.0,0.0,0.0,0.0,0.0,19
in-082edb073e4d8737,,19,0,0.0,0.0,0.0,0.0,0.0,19
in-d2c6a2161837d30b,,19,9,0.24172712743635305,0.0,0.24172712743635305,0.0,0.7990970919243635,10
in-9572e9139425489c,,19,0,0.0,0.0,0.0,0.0,0.0,19
in-bb0e1f0ee516b03f,,19,0,0.0,0.0,0.0,0.0,0.75,19
in-5be0e9cec1ecd377,,19,0,0.0,0.0,0.0,0.0,0.0,19
in-150910c964a7e78b,,19,0,0.0,0.0,0.0,0.6364347943680002,0.75,19
in-3d6ebd9dfa8f6bd6,,19,0,0.0,0.0,0.0,0.7133805524740416,0.0,19
in-137e7da00647d5b9,,19,0,0.0,0.0,0.0,0.589829579746765,0.0,19
in-002382e99b8a2bc3,,19,0,0.0,0.0,0.0,0.6395235068982859,0.75,19
in-11c4afe5bb429f5d,,19,0,0.0,0.0,0.0,0.8996939842078424,0.8399612618151778,19
in-d107997caf95d4e7,,19,8,0.17445914705864898,0.17445914705864898,0.0,0.8554301287129049,0.75,11
in-9544b23f97dca456,,19,1,0.011996692315412024,0.011996692315412024,0.0,0.6623215917120001,0.75,18
in-49485fa1b1499585,,19,2,0.015293283619892777,0.015293283619892777,0.0,0.5812315607237173,0.0,17
in-3d7141f697c3fe70,,19,2,0.03497807226682964,0.0,0.03497807226682964,0.0,0.75,17
in-01038746a9c89ba8,,19,0,0.0,0.0,0.0,0.0,0.0,19
in-777ae4abce0dd8af,,19,0,0.0,0.0,0.0,0.0,0.0,19
in-5abe580bc1d4f032,,19,0,0.0,0.0,0.0,0.0,0.0,19
in-7d7d7059fbb87261,,19,5,0.08579400751106865,0.018275548935834565,0.07582591521112544,0.7564601859656337,0.75,14
in-255b784f5eb6952e,,19,0,0.0,0.0,0.0,0.0,0.0,19
in-6be6ee58840a96c7,,19,0,0.0,0.0,0.0,0.0,0.0,19
in-0638af7971a65d74,,19,7,0.11796906890564196,0.08339138915701635,0.03457767974862559,0.586943521093893,0.8433450295755766,12
in-f23bac06477c1d22,,19,5,0.07084986399621708,0.01285056709860401,0.06183537695942576,0.5757358153766455,0.7687963944903379,14
in-ab58924bac1bc121,,19,2,0.05211001885564705,0.0,0.05211001885564705,0.6253056000000001,0.75,17
in-b69a406bb9448b58,,19,0,0.0,0.0,0.0,0.0,0.75,19
in-8abdea0db280093c,,19,4,0.07565395267386188,0.0,0.07565395267386188,0.6467376000000001,0.75,15
in-00123850de967f24,,19,0,0.0,0.0,0.0,0.8317153252314272,0.0,19
in-4fd0db2432a8f15f,,19,2,0.042537286407069164,0.029472796534506646,0.042537286407069164,0.6653377440000001,0.75,17
in-658b6d0065cfab20,,19,1,0.0258164895742518,0.0,0.0258164895742518,0.6095232,0.8102978755508096,18
in-a50050792796d401,,19,2,0.06866559814838623,0.06866559814838623,0.04003272671040827,0.8656665345508865,0.8149871885593081,17
in-e5eb1d4c0919a899,,19,0,0.0,0.0,0.0,0.6450048000000002,0.0,19
in-e0ae2731dd70688b,,19,4,0.08075035810543203,0.0806173100295178,0.07819105323992279,0.64397755392,0.75,15
in-d4883d25e10d10fc,,19,6,0.1583835801906607,0.0,0.1583835801906607,0.7636454943039476,0.6507133353470798,13
in-70fd1b405f4402fc,,19,8,0.12368312968584583,0.10548956482699828,0.01819356485884753,0.6551257441571687,0.7508438755566534,11
in-63e78580b0bb0e76,,19,1,0.017680894073687104,0.0,0.017680894073687104,0.6402096000000002,0.75,18
in-bdd27d5333d5f2c2,,19,0,0.0,0.0,0.0,0.0,0.6155734306573868,19
in-ada04a42079597a9,,19,0,0.0,0.0,0.0,0.0,0.0,19
in-832889a1223dd15f,,19,7,0.1333532054011956,0.10976010934661505,0.11205221437153066,0.6676490023452805,0.7452843121687572,12
in-70d9729b33e91bda,,19,1,0.02753862697944172,0.0,0.02753862697944172,0.827625780773826,0.7804409898458934,18
in-54ab798f3fcbfa6e,,19,1,0.0320412951017681,0.0,0.0320412951017681,0.0,0.7609807586669923,18
in-99d9ad937ee36b81,,19,1,0.019056938823900728,0.0,0.019056938823900728,0.8693621058629882,0.75,18
in-5954110f7af52605,,19,13,0.3359266984920982,0.19996796352916252,0.2757850827507077,0.6408755906966082,0.6770690455586363,6
in-b8e5f7269d6d90b7,,19,0,0.0,0.0,0.0,0.0,0.0,19
in-41a6dff1f5b57c84,,19,6,0.12735449138440585,0.0381351778794846,0.12735449138440585,0.6043474224000001,0.75,13
in-5a500be9cb192f09,,19,0,0.0,0.0,0.0,0.5759583550826896,0.0,19
in-306171b39786b1a3,,19,0,0.0,0.0,0.0,0.5630512608000001,0.58047656569837,19
in-70ccb86aedf8bbbf,,19,0,0.0,0.0,0.0,0.6695398771200001,0.0,19
in-fccee22c7614295f,,19,0,0.0,0.0,0.0,0.0,0.75,19
in-fe79c35d8162e526,,19,8,0.11121789212384281,0.11121789212384281,0.0,0.7927545185101863,0.0,11
in-843e28b88347de4c,,19,0,0.0,0.0,0.0,0.0,0.0,19
in-db0b0a597aa54b02,,19,0,0.0,0.0,0.0,0.3163299704120064,0.0,19
in-e0d0be7ef2269ad3,,19,0,0.0,0.0,0.0,0.0,0.0,19
in-6b86cc05a799e7e1,,19,0,0.0,0.0,0.0,0.8150472644468622,0.5526933407783509,19
in-6dfce0f1938025a3,,19,0,0.0,0.0,0.0,0.7168552706528539,0.0,19
in-1fb4d3b60efd6c9b,,19,1,0.016488327720339816,0.016488327720339816,0.0,0.6457382976653012,0.75,18
in-63c4110ebe9ffb84,,19,0,0.0,0.0,0.0,0.0,0.0,19
in-df6f85e26c061439,,19,5,0.07521023542268328,0.03453469348755994,0.05607778712322839,0.6042152437238071,0.75,14
in-c6ee6199ccbdb284,,19,0,0.0,0.0,0.0,0.0,0.0,19
in-e8de6bef3a25f1d4,,19,2,0.02146428243951379,0.02146428243951379,0.0,0.5775945840000001,0.0,17
in-3d899a7031d4495e,,19,7,0.13856704055934652,0.02172504248955603,0.12895862487414844,0.5659878945386654,0.7898754329445565,12
in-b3dc8adaa1c9f3f3,,19,0,0.0,0.0,0.0,0.0,0.0,19
in-e68269eebf1cd2f3,,19,2,0.04380279591209011,0.0027327292117278806,0.04380279591209011,0.6438537141410908,0.75,17
in-02b87c4d7065c603,,19,4,0.07204452556156549,0.03650684097037254,0.06146999660291171,0.7425449033392669,0.75,15
in-3507d5458ccd4401,,19,0,0.0,0.0,0.0,0.6612558585600002,0.75,19
in-e448b26aaa4bd60d,,19,3,0.021280553411066275,0.006277024824678736,0.015003528586387541,0.36397473150356147,0.6664029122092823,16
in-a545f29a69bbda29,,19,0,0.0,0.0,0.0,0.4465638466804791,0.0,19
in-12a1df82aa09e135,,19,1,0.02196724666188282,0.0,0.02196724666188282,0.4707333338202524,0.8316539886233265,18
in-f40216f9c715c298,,19,1,0.025797587092209185,0.0,0.025797587092209185,0.7862340084297572,0.8316435325689112,18
in-f394adc0c6946005,,19,9,0.22883733962248773,0.10768697661515797,0.22883733962248773,0.6745824368640003,0.7885481561753048,10
in-19838d8cc6709af7,,19,6,0.11844792177802638,0.011648190195982726,0.11844792177802638,0.545944432882358,0.75,13
in-b4e7ced8ffb00d78,,19,0,0.0,0.0,0.0,0.0,0.0,19
in-99e491f32ff77da0,,19,1,0.03157894736842106,0.0,0.03157894736842106,0.6385536,0.75,18
in-f8940b65ce8d1046,,19,0,0.0,0.0,0.0,0.7152127671731421,0.0,19
in-26f1fe3bf20e43df,,19,0,0.0,0.0,0.0,0.0,0.0,19
in-dd1ae4627c1642cf,,19,7,0.15500782728195192,0.008993142989051779,0.15500782728195192,0.6041333617920002,0.75,12
in-54f629fd364714ed,,19,10,0.31803989021316187,0.31803989021316187,0.02442960299943623,0.7639407112013412,0.75,9
in-8c250d05c666e2e2,,19,0,0.0,0.0,0.0,0.0,0.0,19
in-d1f03006a7ef2b70,,19,0,0.0,0.0,0.0,0.6549696,0.0,19
in-8082f00eb720b9ce,,19,2,0.04281033716703717,0.03394753019149919,0.04281033716703717,0.6083737862399999,0.75,17
in-2770b46aae105d98,,19,3,0.06816512534492895,0.0,0.06816512534492895,0.0,0.75,16
in-860e3de7336b6d0b,,19,0,0.0,0.0,0.0,0.69718869504,0.0,19
in-dae4015be55037f1,,19,1,0.019484432120072216,0.0,0.019484432120072216,0.8056977449609537,0.75,18
in-20200c59359816e2,,19,1,0.011482665362546588,0.011482665362546588,0.0,0.7948372762126943,0.75,18
in-40e2a97e743a0ace,,19,0,0.0,0.0,0.0,0.0,0.0,19
in-3e332c91d6fcc338,,19,4,0.07515358391312106,0.06951431693772701,0.053045330520496654,0.6348696091352928,0.5930083020514342,15
in-5eb9cec423198097,,19,0,0.0,0.0,0.0,0.0,0.0,19
in-c1ee2bf9c7641210,,19,4,0.09196036426644577,0.0,0.09196036426644577,0.0,0.75,15
in-c021166aa01bad9c,,19,0,0.0,0.0,0.0,0.0,0.75,19
in-b5cb63a8060b952b,,19,0,0.0,0.0,0.0,0.0,0.75,19
in-363a477522c680cf,,19,0,0.0,0.0,0.0,0.8846909766466928,0.0,19
in-4f5c95d144d1eb87,,19,0,0.0,0.0,0.0,0.0,0.0,19
in-7ca2c32638a6a1c0,,19,0,0.0,0.0,0.0,0.6329894400000001,0.0,19
in-18f1331162449a3f,,19,0,0.0,0.0,0.0,0.0,0.6929990948973627,19
in-7ca9b1156abc6620,,19,0,0.0,0.0,0.0,0.0,0.0,19
in-6d7865a492e1980f,,19,3,0.05773761899847734,0.0,0.05773761899847734,0.5583920127285628,0.75,16
in-e5fcb146e8b9f431,,19,6,0.12095974646257163,0.03842964887759622,0.11123756076044129,0.6479693798400001,0.7061749601364136,13
in-00c0b91f9c9cb324,,19,0,0.0,0.0,0.0,0.6025578624000001,0.6344381034374237,19
in-1817e77fde92559f,,19,11,0.18087029000302163,0.03382832878049471,0.162465008309013,0.6445611494774633,0.7836321301601272,8
in-6195fbab8cf1bc1f,,19,6,0.18076207698475152,0.12427220163891474,0.17112017505616003,0.6788731910400001,0.7613271440621066,13
in-d1c3064ca0a52a90,,19,7,0.20365796217912197,0.18213864254443343,0.07679161586259542,0.9155570037226693,0.75,12
in-372aed7d86c90958,,19,0,0.0,0.0,0.0,0.6011462160000001,0.75,19
in-2852318d9eae20d7,,19,5,0.09166092868356243,0.07226714447068161,0.031578945486169116,0.7088321852616346,0.75,14
in-49159bb23dd7d973,,19,0,0.0,0.0,0.0,0.7292607727835234,0.0,19
in-62c61fe63077c70d,,19,0,0.0,0.0,0.0,0.0,0.0,19
in-d3049bbf5736b160,,19,4,0.08053392799277055,0.0,0.08053392799277055,0.580197369309983,0.75,15
in-ea2a9e0627ec4b56,,19,7,0.09517679768510483,0.023769792852408274,0.08570574328920089,0.6190952025600002,0.6578542013168335,12
in-f212c6ad771f68f6,,19,3,0.06869462352049979,0.00933005975473126,0.06869462352049979,0.5846968354378004,0.7448442660598207,16
in-3d6c0a0398154f2b,,19,0,0.0,0.0,0.0,0.0,0.0,19
in-5906aa7cd05b4ccd,,19,4,0.09073435349271763,0.049012858366625,0.06191936098232283,0.6806822037942858,0.7245723857827243,15
in-f5623e04e238736a,,19,1,0.018692700486434136,0.009474251452832079,0.018692700486434136,0.5830391447245522,0.75,18
in-fc11b6dbc96f4b5e,,19,0,0.0,0.0,0.0,0.6378091507200002,0.75,19
in-efbca6ae81940ddf,,19,1,0.027638357080395595,0.027638357080395595,0.0,1.0,0.0,18
in-e8e6926b64d2b259,,19,7,0.16477940350746545,0.10501353381471322,0.059765869692752244,0.7839419339424193,0.75,12
in-39419a137a900f40,,19,0,0.0,0.0,0.0,0.6272928000000001,0.0,19
in-a8714366ffff3172,,19,0,0.0,0.0,0.0,0.6392160000000001,0.0,19
in-7df8014e102f91c2,,19,1,0.021393163580643505,0.0,0.021393163580643505,0.0,0.75,18
in-6560959a622b99a6,,19,0,0.0,0.0,0.0,0.697238268907888,0.75,19
in-08c6f5f4544b868d,,19,5,0.10271376371383668,0.0,0.10271376371383668,0.0,0.75,14
in-6fa41ffcc931f87e,,19,0,0.0,0.0,0.0,0.0,0.0,19
in-a74f7d794232df9e,,19,0,0.0,0.0,0.0,0.0,0.0,19
in-3ab347dcc4625d8c,,19,1,0.006325701604538706,0.006325701604538706,0.0,0.6493658580207938,0.0,18
in-fa7f3a0e7e2b882a,,19,1,0.018722404304303622,0.0,0.018722404304303622,0.7118048102400001,0.75,18
in-2b2bf00f37de72ce,,19,1,0.023825910216883614,0.020638622386939965,0.023825910216883614,0.6257781388800002,0.75,18
in-4118eeb4a097c9b6,,19,4,0.07953325133574637,0.009535437771229668,0.07953325133574637,0.6195233988596036,0.75,15
in-0d6bf784163e0f19,,19,0,0.0,0.0,0.0,0.0,0.0,19
in-c180dba542c64365,,19,1,0.008941029615592807,0.008941029615592807,0.0,0.6163875851012871,0.0,18
in-d2f675fc5b4bfbf8,,19,2,0.039620597738968706,0.0,0.039620597738968706,0.0,0.75,17
in-5212768d253d606f,,19,3,0.06892998218536378,0.0,0.06892998218536378,0.9195581400182997,0.75,16
in-6235657510a0ff3f,,19,6,0.1362943521541859,0.12477700240661581,0.07305773622111271,0.7294860545645356,0.75,13
in-7483ac57796efc3d,,19,0,0.0,0.0,0.0,0.0,0.0,19
in-277cf9b06c74153d,,19,1,0.02168063991948178,0.0,0.02168063991948178,0.0,0.75,18
in-51094d1568950e3c,,19,0,0.0,0.0,0.0,0.0,0.75,19
in-369832ed70c0f73d,,19,0,0.0,0.0,0.0,0.0,0.0,19
in-66ad65a3c4906838,,19,0,0.0,0.0,0.0,0.0,0.0,19
in-0a5a395a96ddcbe9,,19,7,0.14972335099348086,0.06752310201485652,0.11220890963458845,0.7367099057530792,0.5830019519600181,12
in-0aa12686dd470b99,,19,0,0.0,0.0,0.0,0.0,0.0,19
in-be694c81d73fe006,,19,2,0.04696572224656852,0.04696572224656852,0.01929336977484404,0.7579687555167067,0.7587386980905724,17
in-ac969f923365d2b5,,19,0,0.0,0.0,0.0,0.0,0.0,19
in-801e8b4ef37502b1,,19,2,0.05056241137795434,0.02092718021135791,0.05056241137795434,0.5410789075184672,0.6714675190687477,17
in-87d7d56c77e3cf7a,,19,0,0.0,0.0,0.0,0.0,0.0,19
in-b57a48a3af3f7f97,,19,1,0.008658300970113319,0.008658300970113319,0.0,0.633824856,0.0,18
in-4b1edd907cd422ed,,19,0,0.0,0.0,0.0,0.6040361537240186,0.0,19
in-9a53c7e761eaec15,,19,4,0.10050893143603677,0.0,0.10050893143603677,0.0,0.75,15
in-2884ab8cc272fed2,,19,1,0.005683323708269919,0.005683323708269919,0.0,0.5788899518356151,0.75,18
in-54c6b0f391861f9e,,19,0,0.0,0.0,0.0,0.0,0.0,19
in-9bf8dd6670c7c8f0,,19,0,0.0,0.0,0.0,0.613262746357025,0.0,19
in-e8b042329279ef85,,19,0,0.0,0.0,0.0,0.6387295996800002,0.75,19
in-58bfabff667346c3,,19,3,0.07309597228702747,0.0,0.07309597228702747,0.7756946211453692,0.75,16
in-5dc0137fea6a865d,,19,5,0.0932521432240199,0.00905241852469833,0.08419972469932155,0.5669531280000001,0.75,14
in-c54687740bacfe6f,,19,0,0.0,0.0,0.0,0.0,0.0,19
in-3d8c83688fe4cee8,,19,10,0.20881625486551134,0.20881625486551134,0.0,0.6785356953599999,0.0,9
in-f7203e2438283cb3,,19,0,0.0,0.0,0.0,0.568154628208873,0.0,19
in-f51d0db79ab4d976,,19,3,0.08833302720254943,0.08833302720254943,0.0,0.8511347528727722,0.0,16
in-70c05c5ac582dbba,,19,6,0.1477933067710662,0.0,0.1477933067710662,0.0,0.84453568090013,13
in-1816626d8ebb73b6,,19,0,0.0,0.0,0.0,0.64040832,0.0,19
in-79fd7389e1f4a273,,19,0,0.0,0.0,0.0,0.0,0.0,19
in-0327c83c4d84f3ce,,19,0,0.0,0.0,0.0,0.0,0.0,19
in-80aa4c8b345e347c,,19,10,0.22936223863720892,0.2152518696399984,0.12452112982880098,0.7145805692663827,0.7760767839529403,9
in-e622db2eb160aabb,,19,0,0.0,0.0,0.0,0.0,0.8452616265364478,19
in-e9c98c1d997359b4,,19,3,0.05787833803578428,0.0,0.05787833803578428,0.0,0.75,16
in-5130a2f5bb7857ba,,19,2,0.059003603842209006,0.03961624133694873,0.05096631363818521,0.7891470206778339,0.75,17
in-ad184e8d688d6d1b,,19,0,0.0,0.0,0.0,0.6491520000000001,0.75,19
in-7d34855edd4c608f,,19,12,0.21016389753525258,0.19538844948215695,0.08528742571557614,0.584533931957638,0.66757052566176,7
in-6f657391ee8de59e,,19,0,0.0,0.0,0.0,0.0,0.0,19
in-b9379a843fe84993,,19,1,0.01097685661807444,0.01097685661807444,0.0,0.6276889513170708,0.0,18
in-9dbd6bb503feff73,,19,0,0.0,0.0,0.0,0.6361524000000001,0.0,19
in-eea82d0c75953540,,19,1,0.023425363486618476,0.0,0.023425363486618476,0.0,0.812070870855406,18
in-9ca4310cb8e13248,,19,2,0.03875996062630102,0.0,0.03875996062630102,0.0,0.75,17
in-d531b391c880d7ca,,19,5,0.0793264973247755,0.03581744858685927,0.04350904873791622,0.7725666188070605,0.6121760692747452,14
in-91079ab3deea59fe,,19,0,0.0,0.0,0.0,0.0,0.75,19
in-4340aab634b97a0f,,19,1,0.012349236693755143,0.012349236693755143,0.0,0.6821462764800001,0.75,18
in-8aa6706047ab901c,,19,0,0.0,0.0,0.0,0.0,0.75,19
in-dbfc856e6f34e008,,19,3,0.06892998971437155,0.0,0.06892998971437155,0.6253056000000001,0.75,16
in-1e9850338e5e6907,,19,0,0.0,0.0,0.0,0.6333233791886023,0.0,19
in-9c8a76d26db744ab,,19,2,0.04014674130636431,0.018578262897751597,0.021568478408612708,0.5775376737292734,0.75,17
in-e03357f052aa5454,,19,0,0.0,0.0,0.0,0.0,0.8453688524522226,19
in-50ffdbed857fcbf8,,19,0,0.0,0.0,0.0,0.0,0.0,19
in-9fc9c5f45b5702c5,,19,10,0.2369960434461334,0.2369960434461334,0.08200760703337821,0.9268213531993672,0.6202252510268867,9
in-d313e8c6518b785f,,19,0,0.0,0.0,0.0,0.0,0.0,19
in-fe0c3c02092b2d9b,,19,0,0.0,0.0,0.0,0.8981033169261701,0.0,19
in-c9505375345c0ec6,,19,0,0.0,0.0,0.0,0.0,0.0,19
in-3c2433bacd2dab1d,,19,0,0.0,0.0,0.0,0.5330024528610912,0.75,19
in-1bcf64cc46954ca2,,19,0,0.0,0.0,0.0,0.6451776,0.0,19
in-8911f2bf2aa4e83e,,19,0,0.0,0.0,0.0,0.7748981981060595,0.0,19
in-0ec52e826e30846b,,19,0,0.0,0.0,0.0,0.0,0.0,19
in-995e9104addbc261,,19,0,0.0,0.0,0.0,0.0,0.0,19
in-80c73460b6ad57d2,,19,0,0.0,0.0,0.0,0.0,0.0,19
in-c68812c5da1d652b,,19,0,0.0,0.0,0.0,0.0,0.0,19
in-d1b12304b268735d,,19,2,0.04101966431266384,0.009494525489764889,0.04101966431266384,0.6035365470960998,0.75,17
in-22fdbe0537848b26,,19,0,0.0,0.0,0.0,0.6005858918400002,0.75,19
in-ba278d0695de316c,,19,0,0.0,0.0,0.0,0.6765434323200002,0.75,19
in-7c03bbd4f2e27c3a,,19,2,0.047156753177198564,0.0,0.047156753177198564,0.723838884459731,0.7989129588016237,17
in-cf7f60dee735734d,,19,10,0.2524144146874464,0.175409210413021,0.17485831975936894,0.6244960058197602,0.7548953251098314,9
in-599448acd57e7398,,19,0,0.0,0.0,0.0,0.0,0.0,19
in-82a03631efa7b871,,19,3,0.1180597978049268,0.1180597978049268,0.07309597228702747,0.6814025385450199,0.75,16
in-51f52aa9e15e8653,,19,5,0.11601436676244992,0.0,0.11601436676244992,0.5901029886335725,0.6994509391675007,14
in-31312032e7feb5d2,,19,2,0.02450843370898939,0.02450843370898939,0.0,0.6735894011531314,0.0,17
in-f3758c500e035cd6,,19,5,0.08658060170475297,0.057523389457576235,0.04741911386188708,0.6084616158720001,0.75,14
in-13e73de017ead799,,19,0,0.0,0.0,0.0,0.0,0.0,19
in-04f500daaf678e4d,,19,0,0.0,0.0,0.0,0.6477120000000001,0.0,19
in-427428fbcd1b293c,,19,0,0.0,0.0,0.0,0.0,0.0,19
in-74b665ceeac92b03,,19,2,0.01863565156910856,0.01863565156910856,0.0,0.6942885205725285,0.75,17
in-ad2a4d8884f232b9,,19,0,0.0,0.0,0.0,0.0,0.0,19
in-ff56755acfeb03c3,,19,0,0.0,0.0,0.0,0.0,0.0,19
in-72bdb196b682b2c7,,19,0,0.0,0.0,0.0,0.3858154962423706,0.0,19
in-08d8ebb8b3e31904,,19,0,0.0,0.0,0.0,0.6042932121600002,0.75,19
in-6747b1fc129599b4,,19,2,0.046746868876646495,0.02724033535429156,0.04250608243440328,0.6709405881600002,0.75,17
in-57d5921d646a4d66,,19,0,0.0,0.0,0.0,0.0,0.0,19
in-6da118f81ed64a47,,19,4,0.06442741404274688,0.03561889307315524,0.028808520969591644,0.6292904217600002,0.75,15
in-0685ca5ef97fdbe6,,19,8,0.12082974314963082,0.12082974314963082,0.0,0.6816668855949645,0.75,11
in-3258bd8a319d67ba,,19,0,0.0,0.0,0.0,0.0,0.0,19
in-d9a402ccd0ffb327,,19,3,0.01610503857805682,0.013147110452570991,0.002957928125485828,0.6990430046658905,0.4102958643436432,16
in-c11b3ab51f8bbe86,,19,3,0.07208610647603086,0.01854005468171197,0.07208610647603086,0.7004298297845254,0.75,16
in-a470584839bffca3,,19,5,0.10413555471520676,0.0,0.10413555471520676,0.6768936100800002,0.6703087266286213,14
in-63e344bbe4a1832c,,19,4,0.07970900524473304,0.027462555531293543,0.0522464497134395,0.6157102712742838,0.8361027910703811,15
in-c355a98853a09c30,,19,2,0.03835828994449817,0.0,0.03835828994449817,0.6345792,0.75,17
in-9a902981f6734f2c,,19,0,0.0,0.0,0.0,0.7225537429742688,0.7943970998974637,19
in-d6915749c594f62c,,19,0,0.0,0.0,0.0,0.6621696,0.0,19
in-e90666aedeba1cad,,19,0,0.0,0.0,0.0,0.0,0.0,19
in-0e5da29f65f711e7,,19,2,0.0393507036720336,0.0393507036720336,0.0,0.6417723571200001,0.0,17
in-a8d0fb78eb211ff4,,19,12,0.32868766882824946,0.21131436158517025,0.14125682324116565,0.7249560716586393,0.7391861195609287,7
in-b71a98ce2c6eb508,,19,2,0.036842497398978796,0.0,0.036842497398978796,0.0,0.75,17
in-ce535ef24f1497d5,,19,0,0.0,0.0,0.0,0.6292800000000001,0.0,19
in-2284d87b510f9e95,,19,6,0.08520114413356432,0.08520114413356432,0.0,0.6049076701819213,0.44159708976745604,13
in-759587dfd2a25338,,19,1,0.002710314376173127,0.002710314376173127,0.0,0.5471927653890736,0.0,18
in-9bbf48be1da84314,,19,0,0.0,0.0,0.0,0.0,0.0,19
in-75444eb0a2fcb4ef,,19,0,0.0,0.0,0.0,0.6312672000000001,0.0,19
in-2e00425a4374e584,,19,0,0.0,0.0,0.0,0.6332544000000001,0.75,19
in-0b694e1cd2c10626,,19,4,0.04870320952591996,0.04870320952591996,0.0,0.6459661845303731,0.0,15
in-bd7ff4e8b79d7812,,19,0,0.0,0.0,0.0,0.0,0.0,19
in-78db3106c80fc7be,,19,1,0.009699780239158911,0.009699780239158911,0.0,0.5996229120000001,0.0,18
in-6e727a67bc4e1453,,19,0,0.0,0.0,0.0,0.0,0.75,19
in-b57a48a3af3f7f97,,19,4,0.11651162131646689,0.11651162131646689,0.0,1.0,0.0,15
in-99cb903d8c989976,,19,0,0.0,0.0,0.0,0.6348441600000001,0.75,19
in-a19452336658c56b,,19,0,0.0,0.0,0.0,0.64072704,0.0,19
in-b857565fb86cc56b,,19,3,0.04322880224776167,0.0,0.04322880224776167,0.0,0.642083516518275,16
in-e50708f854c6d14b,,19,0,0.0,0.0,0.0,0.6471648000000001,0.0,19
in-8018bd3da5a8cde6,,19,0,0.0,0.0,0.0,0.0,0.0,19
in-e467055d87fc3270,,19,0,0.0,0.0,0.0,0.0,0.0,19
in-47d18ebfd4172c79,,19,9,0.12144140121441568,0.07343959389376266,0.09780164656234479,0.7826577769720754,0.5753063384691874,10
in-d89e7852cfa3d741,,19,0,0.0,0.0,0.0,0.0,0.0,19
in-f60a94d723554ced,,19,0,0.0,0.0,0.0,0.0,0.0,19
in-f540737bddbf25e1,,19,3,0.08218505540590747,0.03777784259394947,0.08218505540590747,0.6027527016,0.6839481774965922,16
in-972874aefaddedc0,,19,0,0.0,0.0,0.0,0.0,0.0,19
in-f9d86542b451282d,,19,0,0.0,0.0,0.0,0.0,0.0,19
in-132d07933c8a86bb,,19,2,0.0696419196667331,0.0696419196667331,0.06500482466606736,0.6831077825247145,0.7419844925821414,17
in-e83f241d7e1a6827,,19,3,0.0459925942251652,0.02763875932004274,0.01835383490512246,0.70266973824,0.75,16
in-84efecb0c2f89a0f,,19,0,0.0,0.0,0.0,0.0,0.0,19
in-e89ae8a3cb5563f7,,19,0,0.0,0.0,0.0,0.6248798200634884,0.75,19
in-b6820616b353e537,,19,0,0.0,0.0,0.0,0.5196506884159713,0.0,19
in-efda78962adf14ae,,19,0,0.0,0.0,0.0,0.0,0.0,19
in-4f2007f15561a233,,19,0,0.0,0.0,0.0,0.0,0.75,19
in-d74e06ecff7ae8fa,,19,0,0.0,0.0,0.0,0.0,0.0,19
in-e8b799e2ebe68209,,19,6,0.1338733309961985,0.1338733309961985,0.023843441511455336,0.765593983989117,0.7356981122569399,13
in-fd71ffb6d5fa9e2c,,19,0,0.0,0.0,0.0,0.0,0.0,19
in-9964632c861834b4,,19,0,0.0,0.0,0.0,0.0,0.0,19
in-19f1600e8e1bc891,,19,0,0.0,0.0,0.0,0.6503808000000001,0.0,19
in-ea31eccb146e511e,,19,4,0.08024803970130412,0.0,0.08024803970130412,0.45173299482665424,0.6841209339034365,15
in-05083d32f3b2c12f,,19,0,0.0,0.0,0.0,0.0,0.0,19
in-df7fe8a7d8787cb4,,19,7,0.08344787972545756,0.05682491425069767,0.026622965474759893,0.6146174118110627,0.5356534266471863,12
in-60d94e2385569923,,19,1,0.018319600506832727,0.0,0.018319600506832727,0.6381120000000001,0.75,18
in-ea31eccb146e511e,,19,4,0.09069685236477587,0.05313177915069665,0.07780263737628336,0.7251889389839776,0.75,15
in-515db338b72b30f7,,19,4,0.0743712034412471,0.007832735281119753,0.06653846816012736,0.7132365568062694,0.75,15
in-3caaf408a8b81368,,19,0,0.0,0.0,0.0,0.0,0.0,19
in-abc7136a4666afd5,,19,0,0.0,0.0,0.0,0.6481584000000001,0.75,19
in-aee5d514c8cef95f,,19,0,0.0,0.0,0.0,0.0,0.0,19
in-db90e85eaee7daa4,,19,3,0.016870002134896284,0.016870002134896284,0.0,0.501925589623594,0.0,16
in-ea2a9e0627ec4b56,,19,0,0.0,0.0,0.0,0.5550426349235598,0.5205374447504679,19
in-6eec2ee2f0bed22b,,19,0,0.0,0.0,0.0,0.0,0.0,19
in-004fcfcb93937d74,,19,0,0.0,0.0,0.0,0.0,0.0,19
in-765dbbb271494469,,19,1,0.017288457894963322,0.0,0.017288457894963322,0.732243304246465,0.6605143097496076,18
in-46e62d53acf7182f,,19,1,0.00959136830033617,0.00959136830033617,0.0,0.7305794842958322,0.0,18
in-a4b3b04ec4506809,,19,2,0.020301247986530838,0.020301247986530838,0.0,0.6163611316134532,0.0,17
in-750dde5f44c921da,,19,0,0.0,0.0,0.0,0.0,0.0,19
in-d6e9acaa1b4e40e7,,19,0,0.0,0.0,0.0,0.8162568437805655,0.7906575989723206,19
in-d76f86ecd2dbca1e,,19,0,0.0,0.0,0.0,0.0,0.0,19
in-1fc431025230a4a0,,19,0,0.0,0.0,0.0,0.0,0.0,19
in-35f99ddcbd1d8dcc,,19,1,0.003513913133507735,0.0,0.003513913133507735,0.0,0.3587289047241211,18
in-383929273cd46f72,,19,4,0.04119332857037193,0.04119332857037193,0.0,0.6208269523197631,0.0,15
in-1187ae519bd80d0b,,19,0,0.0,0.0,0.0,0.9660923432427478,0.0,19
in-fb3b738a40d5738b,,19,1,0.03192432558829596,0.03192432558829596,0.0,0.9447156179949054,0.0,18
in-3eb716cb6760c678,,19,0,0.0,0.0,0.0,0.0,0.0,19
in-58c9ce9d30cd562c,,19,1,0.031578951132924936,0.0,0.031578951132924936,0.9554633812613972,0.75,18
in-a075c85e21b9e230,,19,0,0.0,0.0,0.0,0.0,0.75,19
in-9b42699be5ed52d0,,19,2,0.018158919716108213,0.018158919716108213,0.0,0.7067088836732818,0.0,17
in-21e95e113c84f947,,19,7,0.11234455552517382,0.11234455552517382,0.0,0.6611356108800002,0.8396766972541809,12
in-271eae6910a41bf9,,19,5,0.07390563977250764,0.06537664608300665,0.02046255563434802,0.6737017032000001,0.75,14
in-24a04e3a6515013b,,19,0,0.0,0.0,0.0,0.0,0.0,19
in-7670810cc6b6860f,,19,7,0.15320857253061568,0.06660589141532448,0.14681443728898702,0.6721003737600001,0.75,12
in-d8abeee2189a7dff,,19,0,0.0,0.0,0.0,0.0,0.0,19
in-678a2e293eb50faa,,19,4,0.09381562144671214,0.0,0.09381562144671214,0.0,0.765978444251199,15
in-a5314a07c4a9b99d,,19,2,0.054422406773818176,0.0,0.054422406773818176,0.6382224000000001,0.75,17
in-d51f0a3ede744b5c,,19,0,0.0,0.0,0.0,0.6006528,0.75,19
in-6b018084e7b9d5da,,19,0,0.0,0.0,0.0,0.6282864000000001,0.0,19
in-d1e6da29868ba854,,19,4,0.08167377459375484,0.0,0.08167377459375484,0.750335892105915,0.75,15
in-dd15b458d9dda34e,,19,0,0.0,0.0,0.0,0.6851768525024502,0.0,19
in-06610fdf15025a75,,19,2,0.04208547629808126,0.0,0.04208547629808126,0.7177305972574967,0.6975507441163062,17
in-9c553ab14b3cb726,,19,6,0.1405676987963813,0.1405676987963813,0.0,0.7741265031125851,0.5565441918373109,13
in-f5360a401ce4875a,,19,0,0.0,0.0,0.0,0.0,0.0,19
in-e0b30ac96e04aaa2,,19,0,0.0,0.0,0.0,0.0,0.0,19
in-82c51fd9349f0106,,19,0,0.0,0.0,0.0,0.635904,0.0,19
in-b5916116bf53125e,,19,1,0.02806401075734384,0.02806401075734384,0.0,0.7992001452700451,0.75,18
in-d2e7602cfd0b7a70,,19,0,0.0,0.0,0.0,0.6975710482865888,0.0,19
in-fee3cdd6b539c80f,,19,0,0.0,0.0,0.0,0.0,0.0,19
in-bdd27d5333d5f2c2,,19,0,0.0,0.0,0.0,0.0,0.75,19
in-cc6711e7cc9eb56c,,19,0,0.0,0.0,0.0,0.6340332830400002,0.75,19
in-9d289da46e643009,,19,0,0.0,0.0,0.0,0.0,0.0,19
in-728a4e8c2dc92c4a,,19,0,0.0,0.0,0.0,0.6335193600000002,0.0,19
in-08b13571c4196e80,,19,13,0.3152604256744082,0.26788331354367434,0.11942104735596991,0.741231215596457,0.7370086807674832,6
in-aea73b6e2b42dc03,,19,2,0.017841923568831176,0.017841923568831176,0.0,0.5426294655906461,0.0,17
in-32d7c289725cf0cf,,19,0,0.0,0.0,0.0,0.0,0.0,19
in-ef09f7b27fc747bd,,19,0,0.0,0.0,0.0,0.6412032000000001,0.75,19
in-c00730a9363bd5c4,,19,0,0.0,0.0,0.0,0.6253056000000001,0.0,19
in-542ad0500413e8a4,,19,0,0.0,0.0,0.0,0.0,0.0,19
in-4e3908e5f2def2a4,,19,0,0.0,0.0,0.0,0.0,0.0,19
in-d2ba6553843cf177,,19,2,0.036420912053343656,0.02921626746888506,0.022725229514272593,0.6087442136756909,0.5713498727480569,17
in-cf169da28836631c,,19,0,0.0,0.0,0.0,0.0,0.75,19
in-dcfe1997ded20aef,,19,9,0.22537786966473203,0.06089121414577888,0.22537786966473203,0.5841026656265689,0.7322435364199896,10
in-8699887301c27787,,19,2,0.03393479007585336,0.03393479007585336,0.0,0.5392821965756476,0.0,17
in-b343fb7cfc7fcec8,,19,0,0.0,0.0,0.0,0.0,0.0,19
in-1dba5ab3075438af,,19,1,0.031578951132924936,0.0,0.031578951132924936,0.7184788843255745,0.7632917615495858,18
in-8232b6c5b6ee01eb,,19,0,0.0,0.0,0.0,0.6451776,0.75,19
in-99ee71eb91735049,,19,0,0.0,0.0,0.0,0.0,0.75,19
in-cc73621927266f31,,19,1,0.012204669064810164,0.012204669064810164,0.0,0.6992494627157237,0.0,18
in-5c064784cb4d2d46,,19,7,0.16710581147459846,0.013245528104077023,0.16710581147459846,0.7570627968110075,0.7905887810310657,12
in-80fe334bd6aa3bfc,,19,0,0.0,0.0,0.0,0.0,0.0,19
in-645745afe0f57825,,19,1,0.040102893539545964,0.03540065803988559,0.040102893539545964,0.5165063162431841,0.8466166413904147,18
in-ada04a42079597a9,,19,0,0.0,0.0,0.0,0.6733918324800001,0.0,19
in-ec5e0638c86de1ac,,19,4,0.07723895749779089,0.03987456445830513,0.06520415481768156,0.5876279981337562,0.75,15
in-d2450f6791a745a0,,19,0,0.0,0.0,0.0,0.6385536,0.0,19
in-2758b79a725eb50b,,19,0,0.0,0.0,0.0,0.0,0.7509135453908394,19
in-0583f351784ef96f,,19,0,0.0,0.0,0.0,0.0,0.0,19
in-8662f182bce31853,,19,0,0.0,0.0,0.0,0.0,0.0,19
in-9cbd3079d8b693c5,,19,0,0.0,0.0,0.0,0.0,0.0,19
in-b18cae90f5515188,,19,0,0.0,0.0,0.0,0.6310464000000001,0.75,19
in-de5cb81baa037707,,19,12,0.2594570120142983,0.24393657395909993,0.02548418518183958,0.7840249833535048,0.8001476321995001,7
in-7a0de4fde0bd8eed,,19,5,0.09878847410804348,0.0,0.09878847410804348,0.8966124939679619,0.75,14
in-f512014cadab9793,,19,0,0.0,0.0,0.0,0.565179552,0.75,19
in-da75ce1c71b76fd7,,19,0,0.0,0.0,0.0,0.0,0.0,19
in-ef3729438a9bf02a,,19,0,0.0,0.0,0.0,0.5818753579141278,0.0,19
in-9a28ec5efdcd2acf,,19,0,0.0,0.0,0.0,0.5721449107938249,0.0,19
in-52364682a0376dad,,19,0,0.0,0.0,0.0,0.0,0.0,19
in-60ce64ce9690b507,,19,0,0.0,0.0,0.0,0.0,0.0,19
in-27723dd51ccce61d,,19,0,0.0,0.0,0.0,0.0,0.0,19
in-dbdc5514cc99c303,,19,0,0.0,0.0,0.0,0.0,0.0,19
in-74a428bc2a7cdc77,,19,0,0.0,0.0,0.0,0.63583776,0.0,19
in-0438883e2ed9dbf6,,19,0,0.0,0.0,0.0,0.6370632,0.0,19
in-bce3df2f383c3f80,,19,0,0.0,0.0,0.0,0.6113184,0.75,19
in-76c75067cff25b8a,,19,0,0.0,0.0,0.0,0.0,0.0,19
in-6ee798b130cf3caa,,19,0,0.0,0.0,0.0,0.6389221608,0.7016761349140376,19
in-acb2a7db662d2b2b,,19,3,0.06209290403737342,0.023905136707404507,0.061164330181322606,0.7402271469892503,0.75,16
in-19e9ead015fac709,,19,15,0.3472274868133775,0.30342716584420043,0.19321307132118629,0.7552792360918519,0.7022269403435332,4
in-eb74998f492a982e,,19,0,0.0,0.0,0.0,0.0,0.75,19
in-0e90bf021391ad2a,,19,0,0.0,0.0,0.0,0.566509734,0.8480560139303205,19
in-5593dda24a007762,,19,1,0.0180584733051109,0.0180584733051109,0.0,0.6737420102400002,0.6939682299657414,18
in-67013bb2bdcd7a2e,,19,0,0.0,0.0,0.0,0.0,0.0,19
in-d0c8c3f7f96f1ea8,,19,1,0.0061008015698572945,0.0061008015698572945,0.0,0.6409731344903509,0.75,18
in-1e75206c2a0eb98c,,19,2,0.04581008599538444,0.0,0.04581008599538444,0.7382464370480432,0.7131205875810203,17
in-a373fc39bc0337f9,,19,0,0.0,0.0,0.0,0.7682525806959826,0.0,19
in-5f27e2c930c157e7,,19,0,0.0,0.0,0.0,0.6357185280000002,0.0,19
in-ca9cb73a9119aa2c,,19,2,0.0652050302630751,0.036961323493309925,0.03138427059372565,0.6823607803377906,0.7010601317172759,17
in-0d674169c0f6c952,,19,0,0.0,0.0,0.0,0.0,0.75,19
in-243560c8153dc6ca,,19,0,0.0,0.0,0.0,0.0,0.0,19
in-591531d5445e36c2,,19,5,0.07443005002847189,0.05603267863597085,0.01839737139250103,0.7640054540056634,0.7582879125193205,14
in-9f20bda14e76bb36,,19,0,0.0,0.0,0.0,0.0,0.7672474113050453,19
in-0e0903e2d2422d4c,,19,0,0.0,0.0,0.0,0.47745389197201266,0.0,19
in-ebfee3dc4d10de52,,19,0,0.0,0.0,0.0,0.0,0.0,19
in-2849d6eb3b902c89,,19,0,0.0,0.0,0.0,0.7303281177134481,0.0,19
in-adbbebe82fc6b748,,19,0,0.0,0.0,0.0,0.0,0.0,19
in-97054c099090612e,,19,9,0.18680068128987365,0.0,0.18680068128987365,0.0,0.75,10
in-abf1692c660c4737,,19,0,0.0,0.0,0.0,0.0,0.0,19
in-1750ee1a3e08b5fa,,19,2,0.04611675927513525,0.0,0.04611675927513525,0.6672053587200001,0.75,17
in-0e951394ed4ea6d4,,19,0,0.0,0.0,0.0,0.0,0.0,19
in-549ec93858c76850,,19,0,0.0,0.0,0.0,0.6491520000000001,0.0,19
in-58f0433b40ec8a90,,19,0,0.0,0.0,0.0,0.7165148649099415,0.0,19
in-13e3f942e2165e43,,19,0,0.0,0.0,0.0,0.704552233154813,0.0,19
in-5d9f4093160abd59,,19,0,0.0,0.0,0.0,0.0,0.0,19
in-0dbc707bc15e5398,,19,1,0.018005292666585824,0.0,0.018005292666585824,0.0,0.75,18
in-9aa4559203e0dc96,,19,0,0.0,0.0,0.0,0.0,0.75,19
in-00c96e30c943a2f3,,19,0,0.0,0.0,0.0,0.7311641864820224,0.0,19
in-7e6b7c9513e8765c,,19,6,0.13495936707446451,0.01811367238803502,0.13495936707446451,0.5888460441600002,0.7124568576189714,13
in-acaec4bdd3e165c3,,19,0,0.0,0.0,0.0,0.6329011200000001,0.75,19
in-fc83ea8b351ddf1f,,19,0,0.0,0.0,0.0,0.0,0.75,19
in-66c4878071486682,,19,5,0.05888852585325412,0.05888852585325412,0.0,0.6563017560402375,0.0,14
in-637ce4ff0662e5c9,,19,9,0.2859916723186562,0.21929552561226626,0.16218424449956753,0.9117457831693059,0.7266813406078888,10
in-453cc0ed107f2a75,,19,0,0.0,0.0,0.0,0.0,0.0,19
in-eb52e661342291e6,,19,2,0.05517868242765728,0.0,0.05517868242765728,0.6496992000000001,0.75,17
in-965f58ca3e59d3f2,,19,0,0.0,0.0,0.0,0.6312672000000001,0.0,19
in-bd8c71f88be04865,,19,0,0.0,0.0,0.0,0.6343308000000001,0.0,19
in-f9b044cec549cb2e,,19,14,0.4184509138944766,0.3095930771822992,0.13404677955926222,0.7025260229278312,0.7188905373102035,5
in-43673d3abd58af2e,,19,8,0.0842002687994356,0.058019978105415544,0.026180290694020048,0.5895418428188101,0.68565817892787,11
in-276ee08934e98ebb,,19,8,0.19346982308448113,0.14780168967784407,0.1408939799763631,0.7530356858680007,0.713604462989236,11
in-bf3ed04209f3521f,,19,0,0.0,0.0,0.0,0.710607562406897,0.0,19
in-284aea3683ea74a5,,19,1,0.011364710934922964,0.011364710934922964,0.0,0.6012037785600002,0.75,18
in-2abe03725eaefe11,,19,0,0.0,0.0,0.0,0.0,0.75,19
in-2dc2b8077261f0f5,,19,0,0.0,0.0,0.0,0.0,0.664375710932186,19
in-80c73460b6ad57d2,,19,0,0.0,0.0,0.0,0.0,0.0,19
in-909049f1b02d23f6,,19,0,0.0,0.0,0.0,0.6399897600000001,0.0,19
in-e626008e0e146e62,,19,0,0.0,0.0,0.0,0.0,0.75,19
in-a5a2f0a9ae95c4fc,,19,1,0.011316813493886305,0.011316813493886305,0.0,0.7188618916460459,0.75,18
in-0dc791c560d5bccc,,19,0,0.0,0.0,0.0,0.6246432000000001,0.0,19
in-352007a25af5a48c,,19,0,0.0,0.0,0.0,0.0,0.0,19
in-57d70c0fd3accddf,,19,4,0.07751752514588206,0.0,0.07751752514588206,0.600301086649075,0.75,15
in-cc581bbc4af0a4d6,,19,0,0.0,0.0,0.0,1.0,0.75,19
in-f4cb82c95e7214be,,19,0,0.0,0.0,0.0,0.6398784000000001,0.75,19
in-a93e82d899a04305,,19,2,0.03738416433334351,0.0,0.03738416433334351,0.6290476632,0.75,17
in-31e539412c2fd83a,,19,0,0.0,0.0,0.0,0.0,0.7221529339458622,19
in-edfabd3fa40a808b,,19,1,0.03247280422271642,0.03247280422271642,0.02477488517761231,0.9681852666690905,0.6313742923736572,18
in-2960eddc94b20bb2,,19,1,0.018910343396036252,0.0,0.018910343396036252,0.5479590223427028,0.75,18
in-1449a508ca52e0cd,,19,1,0.01770916549783004,0.0,0.01770916549783004,0.7367375450783533,0.75,18
in-2d0e816866476285,,19,0,0.0,0.0,0.0,0.0,0.0,19
in-7fd767baaf0bccff,,19,2,0.04590999222248988,0.04590999222248988,0.0,0.8040754297149968,0.7479818499088288,17
in-8548b0597f7e73f4,,19,1,0.019746441590158564,0.0,0.019746441590158564,1.0,0.6331987206141153,18
in-23b58a1b63ff95f3,,19,3,0.028875114013162253,0.028875114013162253,0.0,0.661686452236718,0.0,16
in-462dc86a5e8a5798,,19,0,0.0,0.0,0.0,0.0,0.0,19
in-756ed073383e9b93,,19,7,0.1471430526481105,0.1471430526481105,0.0,0.64291984128,0.0,12
in-ad97db3183f887b0,,19,8,0.17107670816396425,0.040162007575600824,0.15660111701778026,0.7886281021236743,0.6958466006249154,11
in-4ca6bfc26129efd5,,19,0,0.0,0.0,0.0,0.6491520000000001,0.0,19
in-d109c96d3204f363,,19,0,0.0,0.0,0.0,0.0,0.75,19
in-938727076eb13d18,,19,1,0.006056809899565851,0.006056809899565851,0.0,0.5309416212486864,0.0,18
in-deb73d430b786346,,19,8,0.1568992251029991,0.05892397028315916,0.11757812186291346,0.71326642176,0.75,11
in-69cb3c00f669cadf,,19,0,0.0,0.0,0.0,0.6372288,0.0,19
in-c619f8fed61b43bd,,19,0,0.0,0.0,0.0,0.0,0.0,19
in-8747d5d411c7605b,,19,0,0.0,0.0,0.0,0.0,0.75,19
in-771baa9b246cf0b6,,19,1,0.01913259217613622,0.0,0.01913259217613622,1.0,0.75,18
in-c8a1f09cffff054e,,19,3,0.05991792176899158,0.0,0.05991792176899158,0.5519084054405881,0.75,16
in-4fb4f5da3ec2886b,,19,2,0.0368332724822195,0.01315622877349751,0.0368332724822195,0.6020904960000001,0.75,17
in-421268cfcc9c960a,,19,3,0.04473396890425392,0.024103693328515714,0.020630275575738207,0.6573343317840001,0.75,16
in-b4b1e4c5481eb021,,19,2,0.03878216931694432,0.0,0.03878216931694432,0.6279552,0.75,17
in-ae43ef164f9f4473,,19,0,0.0,0.0,0.0,0.0,0.0,19
in-38d70f8f1a00eb3d,,19,11,0.28029489675509395,0.28029489675509395,0.0,0.824473330337768,0.75,8
in-2093dabd1471b320,,19,0,0.0,0.0,0.0,0.6319296000000001,0.0,19
in-87866517841a5e18,,19,0,0.0,0.0,0.0,0.0,0.0,19
in-b74dce49c51bc55c,,19,1,0.02906434643036438,0.0,0.02906434643036438,0.0,0.844561975293367,18
in-107536c8f76afb41,,19,0,0.0,0.0,0.0,0.0,0.0,19
in-f3dbed03bcc0bfe6,,19,4,0.08778057160955355,0.02681031101453305,0.08319754035849321,0.8527074474331998,0.75,15
in-4549356d318c0337,,19,1,0.03157894736842106,0.008677044224847807,0.03157894736842106,0.5669531280000001,0.6450551714398811,18
in-4a5a334ddae9ef69,,19,0,0.0,0.0,0.0,0.0,0.0,19
in-1b644762de3f36e3,,19,0,0.0,0.0,0.0,0.6319296000000001,0.0,19
in-c3dcd924435dc28d,,19,0,0.0,0.0,0.0,0.0,0.0,19
in-c7ee7697623d900d,,19,0,0.0,0.0,0.0,0.0,0.0,19
in-1e31fbb8ac627972,,19,0,0.0,0.0,0.0,0.0,0.75,19
in-e5b64b62be0c4921,,19,0,0.0,0.0,0.0,0.6458400000000002,0.0,19
in-af9b2a183f4de88a,,19,2,0.050138021310147406,0.0,0.050138021310147406,0.0,0.8409230719634425,17
in-d2ad44a21f6d9b86,,19,2,0.037320794557270255,0.0,0.037320794557270255,0.0,0.75,17
in-917f141b7b2bd92e,,19,0,0.0,0.0,0.0,0.0,0.0,19
in-ad7d0fa387739d7f,,19,3,0.06488620036973132,0.009672320290988898,0.06488620036973132,0.6707804118170061,0.7473551562367757,16
in-18062a301768c11b,,19,0,0.0,0.0,0.0,0.5928946493486975,0.0,19
in-750a4c30ec32b2a0,,19,0,0.0,0.0,0.0,0.0,0.75,19
in-1c577ea1b70b8c97,,19,5,0.09405723245520341,0.0,0.09405723245520341,0.0,0.75,14
in-2d20a7c4a9c6d879,,19,1,0.014130653445556415,0.014130653445556415,0.0,0.6681391660800003,0.75,18
in-3a39cfdef1dc8c0a,,19,17,0.37295855064402533,0.2169596816350293,0.2744054930523662,0.7351267452323633,0.7112489248720744,2
in-5c2ba05b572d6ce1,,19,0,0.0,0.0,0.0,0.0,0.0,19
in-6d5d119c4ccd456a,,19,0,0.0,0.0,0.0,0.0,0.75,19
in-91f577e4bbaef921,,19,0,0.0,0.0,0.0,0.0,0.0,19
in-f9846dd491fecf91,,19,3,0.06892998971437155,0.0,0.06892998971437155,0.0,0.75,16
in-3bd668dc22efe1ef,,19,0,0.0,0.0,0.0,0.0,0.75,19
in-de70699309e45a6e,,19,0,0.0,0.0,0.0,0.6604267025615774,0.0,19
in-8309226b8eb92e80,,19,1,0.019632798747012493,0.0,0.019632798747012493,0.0,0.75,18
in-5d13654c3cca503d,,19,0,0.0,0.0,0.0,0.0,0.0,19
in-82a6c4c6b7d9ca36,,19,3,0.02304407362148568,0.02304407362148568,0.0,0.629554091300011,0.0,16
in-94be7f1dcf7291bd,,19,5,0.12649283239214015,0.12649283239214015,0.0,0.6317710819235641,0.0,14
in-3aa8c945bc3697b7,,19,4,0.06744944255807761,0.0,0.06744944255807761,0.9030926753926103,0.6601764086178649,15
in-089e00a16f3762fc,,19,0,0.0,0.0,0.0,0.0,0.0,19
in-d1796b16544ddc9c,,19,0,0.0,0.0,0.0,0.6345792,0.0,19
in-6e0d45ce2f329e22,,19,0,0.0,0.0,0.0,0.6339168000000002,0.0,19
in-0a2cd8d2cf06658d,,19,0,0.0,0.0,0.0,0.6322944,0.0,19
in-731a0a03800ca771,,19,0,0.0,0.0,0.0,0.0,0.75,19
in-f7d4087daa3ce046,,19,13,0.2856737711606921,0.2856737711606921,0.06689453187741733,0.835567584469505,0.75,6
in-f68162316c62633d,,19,0,0.0,0.0,0.0,0.0,0.0,19
in-d531b391c880d7ca,,19,2,0.039375165261720364,0.0,0.039375165261720364,0.46894947763760386,0.75,17
in-3283d3487f3efbbe,,19,0,0.0,0.0,0.0,0.8004344818087311,0.0,19
in-cea0a94d9b8e1189,,19,8,0.1401567725956365,0.09743954183872629,0.05400209549190927,0.6765434323200001,0.7189904749624714,11
in-2f04308c5edecf9b,,19,0,0.0,0.0,0.0,0.0,0.75,19
in-d4720b5ef65c8d9c,,19,0,0.0,0.0,0.0,0.7308725569155785,0.0,19
in-fc6231d646f9e9a1,,19,1,0.026162151913893854,0.0,0.026162151913893854,0.6372288000000002,0.75,18
in-61b2431bbabae3a8,,19,5,0.12137309392296712,0.12137309392296712,0.0,0.6562057338221817,0.0,14
in-e7a248a36a8a7b71,,19,0,0.0,0.0,0.0,0.0,0.0,19
in-03782e4b5905271c,,19,0,0.0,0.0,0.0,0.7415954090447217,0.0,19
in-e5eb1d4c0919a899,,19,14,0.2832675684154021,0.18214790270528455,0.17932290050094277,0.6274121101093273,0.6258887445926666,5
in-a8c9ec23b2864f1d,,19,0,0.0,0.0,0.0,0.6486432000000001,0.0,19
in-878d95c075909282,,19,7,0.08400364085732374,0.08400364085732374,0.0,0.6339999060000001,0.0,12
in-f5f2c13d2ff2fcbd,,19,0,0.0,0.0,0.0,0.5970021488640002,0.75,19
in-d0357ccf3b02df8f,,19,4,0.07620109131461697,0.01772983138288901,0.07620109131461697,0.6864536767956706,0.6571502757072448,15
in-1dcb0afba693556f,,19,1,0.018691879824588177,0.0,0.018691879824588177,0.0,0.75,18
in-0c1465987d4ab6b9,,19,0,0.0,0.0,0.0,0.7071981280442167,0.0,19
in-0d597483f7a0ba33,,19,0,0.0,0.0,0.0,0.0,0.0,19
in-624d916e7467abfd,,19,1,0.017520174227262802,0.0,0.017520174227262802,0.6512105073600002,0.75,18
in-ac3772f1ae25c2fd,,19,6,0.1269378480038471,0.0,0.1269378480038471,0.0,0.7852629506607546,13
in-88cbd6a87fda2478,,19,0,0.0,0.0,0.0,0.6133248000000001,0.0,19
in-cd90ab257a61bacf,,19,4,0.0730667426399625,0.01495338660159384,0.06867591234685484,0.6021629856000001,0.678795350711658,15
in-8c55df79d0619d30,,19,0,0.0,0.0,0.0,0.6396134400000001,0.0,19
in-ac61bae22baddace,,19,4,0.0758062813586686,0.0679153982113119,0.05913271673046667,0.6918134589490703,0.6452034905235341,15
in-c3a7666d83cbd74e,,19,4,0.041219288788881016,0.041219288788881016,0.0,0.6751665265175784,0.0,15
in-09fe972e2a68b43c,,19,0,0.0,0.0,0.0,0.6065136000000001,0.0,19
in-20735de0e8414f99,,19,1,0.018638290229596594,0.0,0.018638290229596594,0.9770532845010074,0.780527709981106,18
in-df6f85e26c061439,,19,10,0.23637335058550138,0.16599079374721293,0.17944411415802808,0.7144255093560605,0.75,9
in-d8362fd2965bf8de,,19,0,0.0,0.0,0.0,0.0,0.0,19
in-2c1399927153fb24,,19,4,0.1087765533580043,0.07071686277675474,0.0899136056942344,0.6489403876850858,0.8510501417360538,15
in-cc85d88ea93f1f6b,,19,0,0.0,0.0,0.0,0.6372288000000002,0.0,19
in-e7c1ca00175aa277,,19,13,0.17689843914615674,0.17689843914615674,0.0,0.5851581524714883,0.75,6
in-6afa821189b86d69,,19,0,0.0,0.0,0.0,0.0,0.0,19
in-327a9e4dfda23fd8,,19,1,0.023529570353658578,0.0,0.023529570353658578,0.6405408,0.75,18
in-59b7db48add5e769,,19,1,0.02557809110280477,0.0,0.02557809110280477,0.0,0.8147587803274023,18
in-10af8aaf3c191782,,19,0,0.0,0.0,0.0,0.0,0.0,19
in-936e42ea3a08c2d1,,19,2,0.05493436047905371,0.0,0.05493436047905371,0.0,0.75,17
in-e1899251cee9f628,,19,0,0.0,0.0,0.0,0.5767017386823579,0.0,19
in-3332b5799e303ec3,,19,0,0.0,0.0,0.0,0.6374275200000001,0.0,19
in-f0a67c171037309e,,19,0,0.0,0.0,0.0,0.0,0.0,19
in-89916db4bd7461c0,,19,6,0.09616445608044702,0.09616445608044702,0.0,0.6580263384000001,0.75,13
in-ba0eef0c0eca1a47,,19,0,0.0,0.0,0.0,0.6526800000000001,0.0,19
in-51af8283fd6b4c67,,19,0,0.0,0.0,0.0,0.6793811448745614,0.75,19
in-f0dc0849f6ec3488,,19,0,0.0,0.0,0.0,0.0,0.7517041852967762,19
in-eb1ef332dc16dd51,,19,7,0.15353346754570982,0.03531897909605069,0.14790469093911077,0.6736071540688329,0.6633140461736384,12
in-43fb9c76a08a9a7a,,19,2,0.040970843582608045,0.015059697876713275,0.025911145705894766,0.7282515173011099,0.7801291176142634,17
in-9219c006480bb1ef,,19,7,0.13007743720107975,0.05076563255790419,0.10436184898916444,0.6253944161877721,0.7227511112350513,12
in-c0a534d1052ec06c,,19,0,0.0,0.0,0.0,0.6546056716800002,0.75,19
in-6e8e82d0e28d7000,,19,0,0.0,0.0,0.0,0.0,0.75,19
in-03a4b62f60b2d089,,19,3,0.03406573127410726,0.03406573127410726,0.0,0.6360364801156752,0.0,16
in-709a40db66ea94f4,,19,1,0.006228221655119746,0.006228221655119746,0.0,0.5932327177496753,0.0,18
in-bbe2b2fde3f6ef99,,19,0,0.0,0.0,0.0,0.0,0.0,19
in-1afc03765eb705ef,,19,0,0.0,0.0,0.0,0.0,0.0,19
in-56a209de52d121d7,,19,8,0.1312243295211162,0.008404986275280869,0.1312243295211162,0.7757247533127163,0.6404589495954642,11
in-c45465e4d18c15b3,,19,13,0.26883326368298244,0.26883326368298244,0.04369917041377018,0.6783841978096429,0.6509761913267669,6
in-0cb1ebadc05ba17e,,19,2,0.03417735645831836,0.009906604585611583,0.02427075187270678,0.5214552666799648,0.6273118000118821,17
in-b0640080f80acf9d,,19,0,0.0,0.0,0.0,0.0,0.75,19
in-bcd4fd4dc45ddce4,,19,5,0.1122952800727606,0.1122952800727606,0.0,0.8925845415760174,0.746303487513611,14
in-8f463f152ac8a4ca,,19,0,0.0,0.0,0.0,0.5138374603304314,0.0,19
in-05e2c8f728788647,,19,0,0.0,0.0,0.0,0.0,0.0,19
in-ac04fe2a75ae8453,,19,3,0.09151909923501081,0.027233061383900664,0.09151909923501081,0.7422950861665202,0.7663075665171926,16
in-2c47f10e705b6ad8,,19,0,0.0,0.0,0.0,0.0,0.75,19
in-46672571d6d34e6b,,19,3,0.06244179575066818,0.0156790331749947,0.06244179575066818,0.6712207303680002,0.75,16
in-bedb5e4627d8abca,,19,1,0.012893026018992879,0.012893026018992879,0.0,0.62798782464,0.0,18
in-14d099e8539db923,,19,2,0.03703368525756033,0.0,0.03703368525756033,0.8299473646374109,0.75,17
in-51f8770b19d4fc11,,19,0,0.0,0.0,0.0,0.8818221328443268,0.0,19
in-ed7cda1f30132858,,19,6,0.10977097816318085,0.10977097816318085,0.0,0.7085161843200001,0.0,13
in-6d28a6e417dc05f0,,19,0,0.0,0.0,0.0,0.0,0.0,19
in-60f7d33d74d20a47,,19,0,0.0,0.0,0.0,0.0,0.0,19
in-dbce4dbe54d2a11c,,19,1,0.014158053982956706,0.014158053982956706,0.0,0.66154238208,0.0,18
in-2d20a7c4a9c6d879,,19,3,0.05553527169904961,0.05553527169904961,0.0,0.623060287488,0.75,16
in-4c389f9a726a4278,,19,2,0.05984661390123219,0.034509928727333626,0.05984661390123219,0.657610763323545,0.7395439228631666,17
in-975cb68e752dbb2f,,19,0,0.0,0.0,0.0,0.0,0.0,19
in-eb099eb21be72a2b,,19,9,0.1510020989290589,0.09323834974573862,0.13194750233700403,0.7185850521219967,0.704898110798427,10
in-dc1bd4a85fa0f077,,19,0,0.0,0.0,0.0,0.0,0.0,19
in-0e739b8d27bc7a84,,19,0,0.0,0.0,0.0,0.0,0.75,19
in-befb83140552a9f3,,19,1,0.01855250847967048,0.0,0.01855250847967048,0.5769891316101381,0.75,18
in-5f22cc9f13b5d3b9,,19,1,0.01821228955921374,0.0,0.01821228955921374,0.6884616903696008,0.75,18
in-7e565ceafe519eff,,19,0,0.0,0.0,0.0,0.6345792000000001,0.0,19
in-2c13c2be76b85ef4,,19,0,0.0,0.0,0.0,0.0,0.75,19
in-772237960589a143,,19,2,0.026307028282982835,0.007713430243456142,0.018593598039526694,0.7074584657394658,0.75,17
in-ba065750a5c5f0dd,,19,0,0.0,0.0,0.0,0.6772437878400002,0.75,19
in-3b22d29313e48ebe,,19,0,0.0,0.0,0.0,0.0,0.75,19
in-ae4bd158a40ff371,,19,0,0.0,0.0,0.0,0.6340824000000002,0.8049664533995775,19
in-6e7eb3df240355dd,,19,0,0.0,0.0,0.0,0.0,0.0,19
in-ae43ef164f9f4473,,19,0,0.0,0.0,0.0,0.677726317727967,0.0,19
in-360324c60d45b91b,,19,0,0.0,0.0,0.0,0.6292800000000001,0.0,19
in-fecd02c6b7146c9a,,19,0,0.0,0.0,0.0,0.6425280000000001,0.0,19
in-e8f81b527e6ab4c4,,19,0,0.0,0.0,0.0,0.0,0.75,19
in-443491a6e2231576,,19,1,0.006150547723351211,0.006150547723351211,0.0,0.6158929426447393,0.75,18
in-bdb65b27bf61ef06,,19,0,0.0,0.0,0.0,0.6394147200000002,0.0,19
in-9176af14f9a39c6b,,19,0,0.0,0.0,0.0,0.6515568,0.0,19
in-fc99c821c07e8602,,19,0,0.0,0.0,0.0,0.0,0.0,19
in-d7cf0de1e28b13bf,,19,9,0.17584845139889527,0.12383052882197634,0.09500688260179699,0.6391101504952461,0.7601943544477721,10
in-ccb6aa7a33cd6114,,19,0,0.0,0.0,0.0,0.5957210988160208,0.75,19
in-abfb60e00e6ba8ca,,19,0,0.0,0.0,0.0,0.0,0.0,19
in-9ea3874df4d182b6,,19,9,0.21436917794624255,0.03183763953776958,0.21436917794624255,0.5925533644800001,0.6203794407987802,10
in-a3fccd73c46d1dc9,,19,0,0.0,0.0,0.0,0.6296547925440001,0.6766474286715188,19
in-3d435f13c4c50505,,19,0,0.0,0.0,0.0,0.0,0.0,19
in-15f6a90dce89ec18,,19,0,0.0,0.0,0.0,0.0,0.0,19
in-67eb83d3188c0e50,,19,0,0.0,0.0,0.0,0.0,0.0,19
in-2fc86bd737050fdc,,19,0,0.0,0.0,0.0,0.0,0.75,19
in-fc1575712bf0b8af,,19,3,0.08441999210061657,0.08441999210061657,0.0,0.805359623502817,0.0,16
in-58f0433b40ec8a90,,19,0,0.0,0.0,0.0,0.3997920937011838,0.0,19
in-46189ff3a5cfd6d0,,19,0,0.0,0.0,0.0,0.0,0.75,19
in-ab1853edc8078ef6,,19,0,0.0,0.0,0.0,0.0,0.0,19
in-e35cdfbe5a9aab37,,19,7,0.14545681037400898,0.006675475614653662,0.14545681037400898,0.5575911901293417,0.75,12
in-6f2541ed7a92797d,,19,7,0.13733914083665882,0.01791822897032933,0.13733914083665882,0.6056651336788431,0.7038285381235208,12
in-7eed5c0310516be6,,19,0,0.0,0.0,0.0,0.615163336687819,0.0,19
in-7c15b0ac5a9e6e4d,,19,0,0.0,0.0,0.0,0.0,0.75,19
in-99add791ab6ed296,,19,0,0.0,0.0,0.0,0.0,0.0,19
in-834e331bca33f6d2,,19,11,0.1528436011554746,0.05420835012911568,0.1528436011554746,0.6997465152000001,0.6615553070348237,8
in-8922fb1fa43b8894,,19,9,0.2403771784609085,0.135132536479508,0.22281323905683775,0.74462504570556,0.7515230078205598,10
in-744f0c97ec383f01,,19,0,0.0,0.0,0.0,0.7638285873995323,0.0,19
in-aa51cde8729e53b6,,19,0,0.0,0.0,0.0,0.0,0.75,19
in-8e8d883b7079e78a,,19,0,0.0,0.0,0.0,0.0,0.75,19
in-095ad2e96e511297,,19,8,0.0736403169306964,0.06682592279832437,0.024374843885005847,0.5837575974236605,0.5056367206573487,11
in-a6f8576a187e1494,,19,0,0.0,0.0,0.0,0.5694361344000001,0.75,19
in-de49a66c154cc2bf,,19,4,0.0704391462635743,0.012115333778833079,0.05832381248474122,0.6908191055477548,0.75,15
in-f98024b1e3806571,,19,0,0.0,0.0,0.0,0.6332544,0.75,19
in-a5d891fd80d4b0f8,,19,1,0.021213528984471375,0.0,0.021213528984471375,0.6102835200000002,0.75,18
in-2f45cb23841d74b1,,19,0,0.0,0.0,0.0,0.0,0.0,19
in-e956c1924be463b1,,19,0,0.0,0.0,0.0,0.5443885021999161,0.75,19
in-42ca6024244fc3e2,,19,10,0.23336403046422313,0.15491960224719553,0.18261423461110543,0.6753009328886503,0.7068047414964551,9
in-89ab88006bc4eee7,,19,0,0.0,0.0,0.0,0.7197379280947476,0.0,19
in-5b2e7125d4a2d3a8,,19,8,0.22269424997641493,0.22269424997641493,0.0,0.6725936651446156,0.8310613393161033,11
in-2f43fa6cbbb72894,,19,1,0.025367986364984614,0.025367986364984614,0.0,0.912753186244668,0.75,18
in-9c8612478dc7e952,,19,0,0.0,0.0,0.0,0.0,0.0,19
in-10df1934dbe8190a,,19,2,0.07609015285787936,0.0658309886769151,0.053845543610422236,0.717872339280509,0.75,17
in-a3866a9dc2be5d7f,,19,2,0.01594026088059236,0.01594026088059236,0.0,0.6279250035979312,0.0,17
in-58b7ff6d483958d2,,19,1,0.018925130367279056,0.0,0.018925130367279056,0.7184498089962409,0.75,18
in-7a4acf22b271fe75,,19,0,0.0,0.0,0.0,0.0,0.0,19
in-833275ea7e5e5049,,19,1,0.017694920615146038,0.0,0.017694920615146038,0.6385536000000002,0.75,18
in-4163d1155ec51936,,19,6,0.07388664649786057,0.07202723950193068,0.0255064186296965,0.7813062730137434,0.75,13
in-96b6586c12deb558,,19,0,0.0,0.0,0.0,0.9631319505908312,0.0,19
in-a29147e44d7396ef,,19,7,0.1902996054293451,0.16835783769725668,0.1479974476914657,0.8861124828660989,0.75,12
in-93e34df0254844e2,,19,1,0.017980755630292396,0.0,0.017980755630292396,0.0,0.75,18
in-296e27b7ecc20c9a,,19,3,0.08651331537648252,0.0,0.08651331537648252,0.0,0.75,16
in-1f9e007649e88db0,,19,0,0.0,0.0,0.0,0.0,0.0,19
in-5bc3754f03314d28,,19,0,0.0,0.0,0.0,0.0,0.0,19
in-17a2ac78c1d98425,,19,1,0.018545530971727876,0.0,0.018545530971727876,0.0,0.75,18
in-45b59e32b1d51952,,19,0,0.0,0.0,0.0,0.0,0.0,19
in-e5a0868097e2ec9f,,19,0,0.0,0.0,0.0,0.8396799979753494,0.0,19
in-bccb175e51cd5bd0,,19,0,0.0,0.0,0.0,0.0,0.0,19
in-e77a0050217a1b9b,,19,1,0.006861724823186031,0.006861724823186031,0.0,0.5686865329455627,0.0,18
in-a50b5222ebb42f3b,,19,15,0.35656938884172523,0.23267447921367085,0.34627327602812225,0.690037152,0.7410465426560517,4
in-7c0d0bfd518b483b,,19,0,0.0,0.0,0.0,0.0,0.75,19
in-63f514f2585f0cdf,,19,0,0.0,0.0,0.0,0.0,0.75,19
in-22c288e15e0f4fc2,,19,2,0.017031743592646673,0.017031743592646673,0.0,0.6590146775972646,0.75,17
