job_id,model,skill_count,hard_skill_count,soft_skill_count,knowledge_count,avg_confidence,bloom_remember,bloom_understand,bloom_apply,bloom_analyze,bloom_evaluate,bloom_create,bloom_na,coverage_pct,confidence_vh,confidence_h,confidence_mh,confidence_m,confidence_ml,confidence_l,confidence_vl
in-1ff77799c8c16660,JobBERT,2,2,0,0,0.8040910390363807,0,0,2,0,0,0,0,0,0,1,1,0,0,0,0
in-1ff77799c8c16660,LLM,3,0,3,0,0.7785326957083987,0,0,0,0,0,0,3,0,0,1,1,1,0,0,0
in-1ff77799c8c16660,Hybrid,3,0,3,0,0.7288820418808714,0,0,0,0,0,0,3,0.0,0,1,1,1,0,0,0
in-8b20bbf16019e5c1,LLM,8,0,8,2,0.6049692000000001,0,0,0,0,0,0,8,0,0,0,0,8,0,0,0
in-8b20bbf16019e5c1,Hybrid,8,0,8,2,0.6049692000000001,0,0,0,0,0,0,8,0.04393892037241083,0,0,0,8,0,0,0
in-08bda50c77b08f46,LLM,3,0,3,3,0.6355065600000002,0,0,0,0,0,0,3,0,0,0,0,3,0,0,0
in-08bda50c77b08f46,Hybrid,3,0,3,3,0.6355065600000002,0,0,0,0,0,0,3,0.0,0,0,0,3,0,0,0
in-e60f7f8e30553e08,LLM,3,3,0,2,0.67772611584,0,0,1,1,0,1,0,0,0,0,2,1,0,0,0
in-e60f7f8e30553e08,Hybrid,3,3,0,2,0.67772611584,0,0,1,1,0,1,0,0.041491323743337284,0,0,2,1,0,0,0
in-f8982109357c56e0,LLM,1,0,1,3,0.6491520000000001,0,0,0,0,0,0,1,0,0,0,0,1,0,0,0
in-f8982109357c56e0,Hybrid,1,0,1,3,0.6491520000000001,0,0,0,0,0,0,1,0.14459678018988525,0,0,0,1,0,0,0
in-ea2cd0b0c6f52f4f,LLM,3,3,0,4,0.6720611569920002,0,0,2,0,0,1,0,0,0,0,0,3,0,0,0
in-ea2cd0b0c6f52f4f,Hybrid,3,3,0,4,0.6720611569920002,0,0,2,0,0,1,0,0.0,0,0,0,3,0,0,0
in-26af18a0c573f667,JobBERT,4,3,1,0,0.777826223152319,0,0,2,1,0,0,1,0,1,1,0,2,0,0,0
in-26af18a0c573f667,LLM,2,0,2,0,0.7782541679882096,0,0,0,0,0,0,2,0,1,0,0,1,0,0,0
in-26af18a0c573f667,Hybrid,5,3,2,0,0.666861529540171,0,0,2,1,0,0,2,0.009365042475254557,1,0,0,2,2,0,0
in-aff3b59d34df3979,LLM,5,4,1,0,0.6795677583360001,0,0,2,0,0,2,1,0,0,0,2,3,0,0,0
in-aff3b59d34df3979,Hybrid,5,4,1,0,0.6795677583360001,0,0,2,0,0,2,1,0.0985961878608448,0,0,2,3,0,0,0
in-083ac975933f3cb9,JobBERT,2,2,0,0,0.5697355758098915,0,0,2,0,0,0,0,0,0,0,0,0,2,0,0
in-083ac975933f3cb9,LLM,3,0,3,1,0.6415344000000001,0,0,0,0,0,0,3,0,0,0,0,3,0,0,0
in-083ac975933f3cb9,Hybrid,4,1,3,1,0.5747721601780499,0,0,1,0,0,0,3,0.08038837013831496,0,0,0,2,1,1,0
in-9f46d4765e1e5db4,LLM,1,0,1,0,0.6392160000000002,0,0,0,0,0,0,1,0,0,0,0,1,0,0,0
in-9f46d4765e1e5db4,Hybrid,1,0,1,0,0.6392160000000002,0,0,0,0,0,0,1,0.0,0,0,0,1,0,0,0
in-879b2fe47e1fbc66,JobBERT,3,3,0,0,0.8210076003057064,0,0,1,1,1,0,0,0,1,1,0,1,0,0,0
in-879b2fe47e1fbc66,LLM,4,1,3,4,0.73542822644,0,0,0,0,1,0,3,0,1,0,0,3,0,0,0
in-879b2fe47e1fbc66,Hybrid,6,3,3,4,0.6966531734556161,0,0,1,1,1,0,3,0.16034545872992678,1,0,0,4,1,0,0
in-66b97dc6ae697ac9,JobBERT,3,3,0,0,0.727806092712603,0,0,2,1,0,0,0,0,0,1,0,2,0,0,0
in-66b97dc6ae697ac9,LLM,3,3,0,1,0.7928074309742948,0,0,0,3,0,0,0,0,1,0,2,0,0,0,0
in-66b97dc6ae697ac9,Hybrid,5,5,0,1,0.6954499565097303,0,0,2,3,0,0,0,0.052219801453792285,1,0,2,0,2,0,0
in-5986e2e416ec3ef2,JobBERT,3,3,0,0,0.7293993584417189,0,0,2,0,0,1,0,0,0,1,0,2,0,0,0
in-5986e2e416ec3ef2,LLM,3,3,0,0,0.7008167159456008,0,0,0,0,0,3,0,0,0,1,0,2,0,0,0
in-5986e2e416ec3ef2,Hybrid,5,5,0,0,0.665046637501676,0,0,2,0,0,3,0,0.0312793121188907,1,0,0,2,2,0,0
in-76bdc299da84b00b,LLM,1,0,1,0,0.6471648000000002,0,0,0,0,0,0,1,0,0,0,0,1,0,0,0
in-76bdc299da84b00b,Hybrid,1,0,1,0,0.6471648000000002,0,0,0,0,0,0,1,0.0,0,0,0,1,0,0,0
in-dcd8dd1044f2926f,JobBERT,4,3,1,1,0.6769300810499799,0,0,2,0,0,1,1,0,0,0,3,0,0,1,0
in-dcd8dd1044f2926f,LLM,7,3,4,6,0.6665803508940364,0,0,1,0,0,2,4,0,0,0,1,6,0,0,0
in-dcd8dd1044f2926f,Hybrid,10,5,5,6,0.6361939695857993,0,0,2,0,0,3,5,0.042862172503220414,0,1,0,8,0,0,1
in-04d821a61bf4f3f8,LLM,4,4,0,2,0.6302229926400001,0,0,1,0,1,2,0,0,0,0,0,2,2,0,0
in-04d821a61bf4f3f8,Hybrid,4,4,0,2,0.6302229926400001,0,0,1,0,1,2,0,0.06363151109436647,0,0,0,2,2,0,0
in-6434f75ccfa896cd,JobBERT,4,4,0,0,0.7591786097056635,0,0,2,1,0,1,0,0,0,2,1,0,1,0,0
in-6434f75ccfa896cd,LLM,7,2,5,4,0.7267595145006681,0,0,0,0,1,1,5,0,0,2,1,4,0,0,0
in-6434f75ccfa896cd,Hybrid,9,4,5,4,0.6995084215344689,0,0,1,1,1,1,5,0.09921049193332071,1,0,2,5,0,1,0
in-59f89f855608fde0,JobBERT,6,6,0,0,0.8343631927969205,0,1,3,0,0,2,0,0,2,2,0,2,0,0,0
in-59f89f855608fde0,LLM,6,4,2,16,0.8158700562017424,0,0,1,0,1,2,2,0,1,2,1,2,0,0,0
in-59f89f855608fde0,Hybrid,9,7,2,16,0.7552021568682138,0,0,3,0,1,3,2,0.20161221598116352,3,0,2,2,2,0,0
in-7f1b7715acb11a2e,LLM,3,3,0,4,0.6709086950400001,0,0,2,0,0,1,0,0,0,0,2,0,1,0,0
in-7f1b7715acb11a2e,Hybrid,3,3,0,4,0.6709086950400001,0,0,2,0,0,1,0,0.1194980395467658,0,0,2,0,1,0,0
in-2ea46d88545e7e84,JobBERT,11,11,0,0,0.7912857981596283,0,1,6,2,2,0,0,0,2,4,0,5,0,0,0
in-2ea46d88545e7e84,LLM,12,11,1,3,0.7838100125942673,0,0,7,1,3,0,1,0,4,0,6,2,0,0,0
in-2ea46d88545e7e84,Hybrid,17,16,1,3,0.7508318950217039,0,1,8,2,5,0,1,0.05361936497883448,5,0,6,2,4,0,0
in-3f1f20262049095a,JobBERT,2,2,0,0,0.7405880232121523,0,0,2,0,0,0,0,0,0,0,2,0,0,0,0
in-3f1f20262049095a,LLM,4,2,2,1,0.7558201964331518,0,0,2,0,0,0,2,0,0,2,0,2,0,0,0
in-3f1f20262049095a,Hybrid,4,2,2,1,0.7576863718912582,0,0,2,0,0,0,2,0.09388203537250685,1,0,1,2,0,0,0
in-bf0e9f6211607d23,JobBERT,6,6,0,0,0.8895940996101107,0,0,4,1,0,1,0,0,4,0,2,0,0,0,0
in-bf0e9f6211607d23,LLM,6,2,4,3,0.9363112708534915,0,0,1,0,0,1,4,0,5,0,1,0,0,0,0
in-bf0e9f6211607d23,Hybrid,6,2,4,3,0.9028621562345829,0,0,1,0,0,1,4,0.16802073817659918,5,0,0,1,0,0,0
in-ff31808feab0524e,JobBERT,4,4,0,0,0.8727418158651632,0,0,1,0,0,3,0,0,2,1,0,1,0,0,0
in-ff31808feab0524e,LLM,5,1,4,2,0.7701931921714215,0,0,0,0,0,1,4,0,0,2,1,2,0,0,0
in-ff31808feab0524e,Hybrid,6,2,4,2,0.7729845210926717,0,0,0,0,0,2,4,0.016458036195350235,1,1,2,2,0,0,0
in-50790458f1cb7392,JobBERT,5,4,1,0,0.7069403416858812,0,0,4,0,0,0,1,0,1,0,1,2,1,0,0
in-50790458f1cb7392,LLM,3,0,3,0,0.8178939816353931,0,0,0,0,0,0,3,0,0,2,0,1,0,0,0
in-50790458f1cb7392,Hybrid,6,3,3,0,0.644114564592653,0,0,3,0,0,0,3,0.0,1,0,1,1,0,3,0
in-f0b8e867898d9fc7,JobBERT,1,1,0,2,1.0,0,0,0,0,1,0,0,0,1,0,0,0,0,0,0
in-f0b8e867898d9fc7,LLM,3,0,3,2,0.753348337777778,0,0,0,0,0,0,3,0,0,1,0,2,0,0,0
in-f0b8e867898d9fc7,Hybrid,3,0,3,2,0.7591232341333334,0,0,0,0,0,0,3,0.055256259094072155,1,0,0,2,0,0,0
in-6a11f6623b90c10e,JobBERT,11,8,3,0,0.7324063621335835,0,1,7,0,0,0,3,0,1,4,1,3,2,0,0
in-6a11f6623b90c10e,LLM,9,0,9,0,0.7394585223144454,0,0,0,0,0,0,9,0,0,3,0,6,0,0,0
in-6a11f6623b90c10e,Hybrid,17,6,11,0,0.6485645685761867,0,1,5,0,0,0,11,0.010613473738099805,1,1,1,9,0,5,0
in-819016745fbf8e52,JobBERT,5,5,0,0,0.6820980576208356,0,0,4,0,0,1,0,0,0,0,2,3,0,0,0
in-819016745fbf8e52,LLM,11,8,3,4,0.6927816887351532,0,0,0,6,0,2,3,0,0,1,0,10,0,0,0
in-819016745fbf8e52,Hybrid,15,12,3,4,0.6555438840219505,0,0,3,6,0,3,3,0.08036482629607596,1,0,0,11,0,3,0
in-b0e3d6930bef9118,LLM,2,0,2,5,0.6605280000000001,0,0,0,0,0,0,2,0,0,0,0,2,0,0,0
in-b0e3d6930bef9118,Hybrid,2,0,2,5,0.6605280000000001,0,0,0,0,0,0,2,0.07043345350968211,0,0,0,2,0,0,0
in-68c8bc8b4022b6bd,LLM,22,19,3,22,0.6539610308072729,0,0,18,0,0,1,3,0,0,0,4,11,7,0,0
in-68c8bc8b4022b6bd,Hybrid,22,19,3,36,0.6539610308072729,0,0,18,0,0,1,3,0.27859308169570846,0,0,4,11,7,0,0
in-b99d92a34ea0a07c,LLM,3,0,3,0,0.6392160000000001,0,0,0,0,0,0,3,0,0,0,0,3,0,0,0
in-b99d92a34ea0a07c,Hybrid,3,0,3,0,0.6392160000000001,0,0,0,0,0,0,3,0.0,0,0,0,3,0,0,0
in-b59719e8c96312ce,LLM,1,1,0,1,0.6674388105600002,0,0,1,0,0,0,0,0,0,0,0,1,0,0,0
in-b59719e8c96312ce,Hybrid,1,1,0,1,0.6674388105600002,0,0,1,0,0,0,0,0.0,0,0,0,1,0,0,0
in-9068e588b7dc4f2d,LLM,1,1,0,5,0.5944070246400002,1,0,0,0,0,0,0,0,0,0,0,0,1,0,0
in-9068e588b7dc4f2d,Hybrid,1,1,0,5,0.5944070246400002,1,0,0,0,0,0,0,0.11295924500415201,0,0,0,0,1,0,0
in-a8f3619ace5efe56,JobBERT,1,1,0,0,0.38538473102188103,0,0,1,0,0,0,0,0,0,0,0,0,0,0,1
in-a8f3619ace5efe56,LLM,1,0,1,0,0.6359040000000001,0,0,0,0,0,0,1,0,0,0,0,1,0,0,0
in-a8f3619ace5efe56,Hybrid,2,1,1,0,0.4721058924087525,0,0,1,0,0,0,1,0.0,0,0,0,1,0,0,1
in-277cf9b06c74153d,JobBERT,6,6,0,0,0.7783599137728813,0,0,5,0,1,0,0,0,1,2,0,3,0,0,0
in-277cf9b06c74153d,LLM,5,0,5,0,0.8267777391039519,0,0,0,0,0,0,5,0,1,2,2,0,0,0,0
in-277cf9b06c74153d,Hybrid,7,2,5,0,0.7069391480366273,0,0,2,0,0,0,5,0.0,1,2,1,1,2,0,0
in-f60c7c41c622d9ed,JobBERT,4,3,1,0,0.8642902387526985,0,1,2,0,0,0,1,0,2,1,0,1,0,0,0
in-f60c7c41c622d9ed,LLM,4,0,4,0,0.8995928346615714,0,0,0,0,0,0,4,0,3,0,1,0,0,0,0
in-f60c7c41c622d9ed,Hybrid,4,0,4,0,0.8497199506819887,0,0,0,0,0,0,4,0.0,2,1,0,1,0,0,0
in-ea5fe0c67dbb09a7,JobBERT,3,3,0,19,0.7325369325440397,0,0,1,0,0,2,0,0,0,1,0,2,0,0,0
in-ea5fe0c67dbb09a7,LLM,8,5,3,22,0.7248407674895737,0,0,1,0,0,4,3,0,1,0,4,3,0,0,0
in-ea5fe0c67dbb09a7,Hybrid,10,7,3,30,0.6910146737323819,0,0,2,0,0,5,3,0.4021524418640069,1,0,4,3,2,0,0
in-5bd95884fcfdbfe2,JobBERT,4,4,0,3,0.7187552995589295,0,0,3,0,1,0,0,0,0,1,0,3,0,0,0
in-5bd95884fcfdbfe2,LLM,9,9,0,5,0.7683815196329515,0,0,7,0,2,0,0,0,3,0,3,3,0,0,0
in-5bd95884fcfdbfe2,Hybrid,12,12,0,5,0.7138327907335441,0,0,9,0,3,0,0,0.19775339684399232,3,0,3,3,3,0,0
in-fc0463e146e0287e,LLM,3,0,3,0,0.6325920000000002,0,0,0,0,0,0,3,0,0,0,0,3,0,0,0
in-fc0463e146e0287e,Hybrid,3,0,3,0,0.6325920000000002,0,0,0,0,0,0,3,0.0,0,0,0,3,0,0,0
in-202d174576a6328b,JobBERT,2,2,0,0,0.5004904605288371,0,0,2,0,0,0,0,0,0,0,0,0,1,1,0
in-202d174576a6328b,LLM,2,0,2,1,0.6078758400000001,0,0,0,0,0,0,2,0,0,0,0,2,0,0,0
in-202d174576a6328b,Hybrid,4,2,2,1,0.5041341042115349,0,0,2,0,0,0,2,0.05466207391337346,0,0,0,2,0,1,1
in-070ac45a5adefcb1,LLM,1,0,1,1,0.6398784000000001,0,0,0,0,0,0,1,0,0,0,0,1,0,0,0
in-070ac45a5adefcb1,Hybrid,1,0,1,1,0.6398784000000001,0,0,0,0,0,0,1,0.0,0,0,0,1,0,0,0
in-f1d38688733ca9cc,JobBERT,5,3,2,0,0.7149563184163357,0,0,3,0,0,0,2,0,0,2,0,3,0,0,0
in-f1d38688733ca9cc,LLM,3,0,3,0,0.7397994840411561,0,0,0,0,0,0,3,0,0,1,1,1,0,0,0
in-f1d38688733ca9cc,Hybrid,6,2,4,0,0.6542224385741068,0,0,2,0,0,0,4,0.008428322137643196,0,1,1,2,0,2,0
in-8cb2b3de05fe17bb,JobBERT,4,4,0,1,0.7718573363884916,0,0,1,2,1,0,0,0,1,0,2,1,0,0,0
in-8cb2b3de05fe17bb,LLM,16,6,10,6,0.6468779684023043,0,0,2,0,0,4,10,0,0,0,5,10,1,0,0
in-8cb2b3de05fe17bb,Hybrid,19,9,10,7,0.6362960495714156,0,0,3,1,1,4,10,0.09672589815848666,0,1,4,11,3,0,0
in-7558c06efa202e1d,LLM,4,0,4,0,0.6139584,0,0,0,0,0,0,4,0,0,0,0,4,0,0,0
in-7558c06efa202e1d,Hybrid,4,0,4,0,0.6139584,0,0,0,0,0,0,4,0.0,0,0,0,4,0,0,0
in-3d91d1f91a2e35ff,LLM,3,0,3,2,0.6357936000000001,0,0,0,0,0,0,3,0,0,0,0,3,0,0,0
in-3d91d1f91a2e35ff,Hybrid,3,0,3,2,0.6357936000000001,0,0,0,0,0,0,3,0.018714158158553276,0,0,0,3,0,0,0
in-2f43fa6cbbb72894,LLM,3,0,3,3,0.6332544000000001,0,0,0,0,0,0,3,0,0,0,0,3,0,0,0
in-2f43fa6cbbb72894,Hybrid,3,0,3,3,0.6332544000000001,0,0,0,0,0,0,3,0.01828317704953646,0,0,0,3,0,0,0
in-5b8b8b6b495946f5,LLM,2,0,2,1,0.6444504000000001,0,0,0,0,0,0,2,0,0,0,0,2,0,0,0
in-5b8b8b6b495946f5,Hybrid,2,0,2,1,0.6444504000000001,0,0,0,0,0,0,2,0.0,0,0,0,2,0,0,0
in-1e8d401875ab7ace,LLM,2,2,0,6,0.6807455654400001,0,0,0,0,0,2,0,0,0,0,0,2,0,0,0
in-1e8d401875ab7ace,Hybrid,2,2,0,7,0.6807455654400001,0,0,0,0,0,2,0,0.15744255684942798,0,0,0,2,0,0,0
in-1298c0a075adfe4e,LLM,1,0,1,2,0.6352416000000001,0,0,0,0,0,0,1,0,0,0,0,1,0,0,0
in-1298c0a075adfe4e,Hybrid,1,0,1,2,0.6352416000000001,0,0,0,0,0,0,1,0.0,0,0,0,1,0,0,0
in-8335c5296046dc27,JobBERT,1,1,0,6,0.5847922315947448,0,0,0,0,0,1,0,0,0,0,0,0,1,0,0
in-8335c5296046dc27,LLM,4,4,0,2,0.6494691902400003,0,1,0,0,1,2,0,0,0,0,0,3,1,0,0
in-8335c5296046dc27,Hybrid,5,5,0,7,0.6131421092471594,0,1,0,0,1,3,0,0.21126169605542708,0,0,0,3,1,1,0
in-f9055be6f9ab983b,LLM,5,0,5,0,0.6194764800000001,0,0,0,0,0,0,5,0,0,0,0,5,0,0,0
in-f9055be6f9ab983b,Hybrid,5,0,5,0,0.6194764800000001,0,0,0,0,0,0,5,0.0,0,0,0,5,0,0,0
in-792c7c65733a1995,JobBERT,1,1,0,0,0.40226094350446157,0,0,1,0,0,0,0,0,0,0,0,0,0,1,0
in-792c7c65733a1995,LLM,4,3,1,3,0.659324831657143,0,0,0,3,0,0,1,0,0,0,0,4,0,0,0
in-792c7c65733a1995,Hybrid,5,4,1,3,0.5918216162864283,0,0,1,3,0,0,1,0.07609417289178523,0,0,0,4,0,0,1
in-2650e0f960a33a06,JobBERT,8,7,1,0,0.8132262748866252,0,0,3,0,3,1,1,0,3,2,0,1,2,0,0
in-2650e0f960a33a06,LLM,10,9,1,13,0.775842893242448,0,0,4,0,3,2,1,0,2,1,4,3,0,0,0
in-2650e0f960a33a06,Hybrid,15,13,2,13,0.7110569349879753,0,0,6,0,5,2,2,0.05375799179565337,2,1,4,5,1,2,0
in-12365ed7bd9554c7,JobBERT,4,4,0,0,0.6506736464724472,0,0,3,0,0,1,0,0,0,0,1,3,0,0,0
in-12365ed7bd9554c7,LLM,9,9,0,4,0.599091060160606,0,0,3,0,0,6,0,0,0,0,0,4,5,0,0
in-12365ed7bd9554c7,Hybrid,12,12,0,4,0.5834315404677616,0,0,6,0,0,6,0,0.12349632222016138,0,1,0,3,5,3,0
in-9816de77297ab668,JobBERT,1,1,0,0,1.0,0,0,0,0,0,1,0,0,1,0,0,0,0,0,0
in-9816de77297ab668,LLM,4,1,3,5,0.7170944214247299,0,0,0,0,0,1,3,0,0,1,0,3,0,0,0
in-9816de77297ab668,Hybrid,4,1,3,5,0.7448068670749666,0,0,0,0,0,1,3,0.13402981215391332,1,0,0,3,0,0,0
in-97ca47c5f555e42a,JobBERT,5,5,0,4,0.7553620305802075,0,1,1,0,1,2,0,0,0,3,0,2,0,0,0
in-97ca47c5f555e42a,LLM,2,2,0,8,0.7325395597271889,0,0,0,0,0,2,0,0,0,0,1,1,0,0,0
in-97ca47c5f555e42a,Hybrid,6,6,0,8,0.664293309067566,0,1,1,0,1,3,0,0.020917725563049317,1,0,0,3,2,0,0
in-3adbfcd2c67f939d,LLM,2,0,2,0,0.6318091636363637,0,0,0,0,0,0,2,0,0,0,0,2,0,0,0
in-3adbfcd2c67f939d,Hybrid,2,0,2,0,0.6318091636363637,0,0,0,0,0,0,2,0.0,0,0,0,2,0,0,0
in-57793e22513bd508,LLM,6,6,0,11,0.6300684657600002,0,0,4,1,0,1,0,0,0,0,0,4,2,0,0
in-57793e22513bd508,Hybrid,6,6,0,14,0.6300684657600002,0,0,4,1,0,1,0,0.26981321413372383,0,0,0,4,2,0,0
in-1c5a5a5c1628040b,LLM,1,1,0,1,0.6751427212800002,0,0,1,0,0,0,0,0,0,0,0,1,0,0,0
in-1c5a5a5c1628040b,Hybrid,1,1,0,1,0.6751427212800002,0,0,1,0,0,0,0,0.06316126294517584,0,0,0,1,0,0,0
in-8e8358720b2049a4,JobBERT,3,2,1,11,0.5068637409736275,0,0,2,0,0,0,1,0,0,0,0,1,0,1,1
in-8e8358720b2049a4,LLM,3,0,3,7,0.614592,0,0,0,0,0,0,3,0,0,0,0,3,0,0,0
in-8e8358720b2049a4,Hybrid,6,2,4,13,0.5100414963894511,0,0,2,0,0,0,4,0.0233566192225934,0,0,0,3,1,0,2
in-edd6ccf5e0d85d3f,LLM,2,0,2,0,0.6372288,0,0,0,0,0,0,2,0,0,0,0,2,0,0,0
in-edd6ccf5e0d85d3f,Hybrid,2,0,2,0,0.6372288,0,0,0,0,0,0,2,0.0,0,0,0,2,0,0,0
in-a54cf9211ca3232d,JobBERT,1,1,0,0,0.5757741514849548,0,0,0,0,0,1,0,0,0,0,0,0,1,0,0
in-a54cf9211ca3232d,LLM,4,0,4,0,0.6287760000000001,0,0,0,0,0,0,4,0,0,0,0,4,0,0,0
in-a54cf9211ca3232d,Hybrid,5,1,4,0,0.5951446642375929,0,0,0,0,0,1,4,0.013636769032506652,0,0,0,4,0,1,0
in-731fc34f48c31ddd,LLM,4,3,1,2,0.6379414264800001,0,0,1,0,0,2,1,0,0,0,0,3,1,0,0
in-731fc34f48c31ddd,Hybrid,4,3,1,2,0.6379414264800001,0,0,1,0,0,2,1,0.09432629354925108,0,0,0,3,1,0,0
in-66e35ec4c60e8c65,JobBERT,9,8,1,0,0.8078424252142107,0,0,6,1,0,1,1,0,3,2,1,2,1,0,0
in-66e35ec4c60e8c65,LLM,10,0,10,0,0.8478212508133455,0,0,0,0,0,0,10,0,6,0,4,0,0,0,0
in-66e35ec4c60e8c65,Hybrid,13,3,10,0,0.7438676091075214,0,0,3,0,0,0,10,0.037030767274015164,2,3,5,0,2,1,0
in-ed7c0956d23b6e08,LLM,1,1,0,3,0.69718869504,0,0,0,0,0,1,0,0,0,0,0,1,0,0,0
in-ed7c0956d23b6e08,Hybrid,1,1,0,5,0.69718869504,0,0,0,0,0,1,0,0.16976194435056952,0,0,0,1,0,0,0
in-bafe771b70f448ef,LLM,3,0,3,0,0.6290995200000001,0,0,0,0,0,0,3,0,0,0,0,3,0,0,0
in-bafe771b70f448ef,Hybrid,3,0,3,0,0.6290995200000001,0,0,0,0,0,0,3,0.0,0,0,0,3,0,0,0
in-b608315da704076b,JobBERT,1,1,0,9,0.5562846827562267,0,0,1,0,0,0,0,0,0,0,0,0,1,0,0
in-b608315da704076b,LLM,5,5,0,6,0.6849519252480001,0,0,0,0,0,5,0,0,0,0,1,4,0,0,0
in-b608315da704076b,Hybrid,6,6,0,11,0.6449645620741636,0,0,1,0,0,5,0,0.2526956486958289,0,0,1,4,0,1,0
in-82c62095c56a09f5,JobBERT,2,2,0,3,0.3657936636646941,0,0,2,0,0,0,0,0,0,0,0,0,0,0,2
in-82c62095c56a09f5,LLM,3,3,0,3,0.5614747488000001,0,0,3,0,0,0,0,0,0,0,0,0,3,0,0
in-82c62095c56a09f5,Hybrid,5,5,0,3,0.45393882165270216,0,0,5,0,0,0,0,0.09636053389756531,0,0,0,0,3,0,2
in-54f7e34be407fc22,JobBERT,2,2,0,0,0.5947908103420108,0,0,2,0,0,0,0,0,0,0,0,0,2,0,0
in-54f7e34be407fc22,LLM,4,1,3,1,0.624148884,0,0,1,0,0,0,3,0,0,0,0,3,1,0,0
in-54f7e34be407fc22,Hybrid,6,3,3,1,0.5747101387578696,0,0,3,0,0,0,3,0.020455779527363025,0,0,0,3,1,2,0
in-d5c2072747d98126,LLM,1,1,0,3,0.6653377440000001,0,0,0,0,0,1,0,0,0,0,0,1,0,0,0
in-d5c2072747d98126,Hybrid,1,1,0,3,0.6653377440000001,0,0,0,0,0,1,0,0.06911258808827095,0,0,0,1,0,0,0
in-e8411fca8ec06a8c,LLM,5,4,1,0,0.6329728270080002,0,0,2,0,0,2,1,0,0,0,0,4,1,0,0
in-e8411fca8ec06a8c,Hybrid,5,4,1,0,0.6329728270080002,0,0,2,0,0,2,1,0.0719235424974226,0,0,0,4,1,0,0
in-4e2c7333fb3867a6,JobBERT,3,3,0,2,0.730144658018791,0,0,3,0,0,0,0,0,0,1,0,2,0,0,0
in-4e2c7333fb3867a6,LLM,3,3,0,2,0.6998793546618205,0,0,3,0,0,0,0,0,0,1,0,2,0,0,0
in-4e2c7333fb3867a6,Hybrid,5,5,0,2,0.6697770717262908,0,0,5,0,0,0,0,0.11431741065303898,1,0,0,2,2,0,0
in-8f6c36d10ffe8c6f,JobBERT,6,5,1,0,0.8184310929059704,2,0,2,0,0,1,1,0,2,2,0,2,0,0,0
in-8f6c36d10ffe8c6f,LLM,7,0,7,0,0.7534234400741205,0,0,0,0,0,0,7,0,0,3,0,4,0,0,0
in-8f6c36d10ffe8c6f,Hybrid,8,1,7,0,0.736238324070196,1,0,0,0,0,0,7,0.01492392207876364,1,3,0,2,2,0,0
in-17ea04997c6f7520,LLM,1,0,1,0,0.6306048000000001,0,0,0,0,0,0,1,0,0,0,0,1,0,0,0
in-17ea04997c6f7520,Hybrid,1,0,1,0,0.6306048000000001,0,0,0,0,0,0,1,0.0,0,0,0,1,0,0,0
in-4dd4be4468b8f8b5,JobBERT,22,22,0,9,0.7487900526146496,0,1,12,3,3,3,0,0,2,8,1,11,0,0,0
in-4dd4be4468b8f8b5,LLM,33,27,6,18,0.7112896364502207,0,1,13,6,4,3,6,0,1,7,10,9,6,0,0
in-4dd4be4468b8f8b5,Hybrid,49,43,6,18,0.6682470531980708,0,2,23,7,7,4,6,0.14438794298071997,3,6,9,14,11,6,0
in-036c776371efd2b7,JobBERT,3,3,0,0,0.8578724339171274,0,0,2,0,0,1,0,0,2,0,0,1,0,0,0
in-036c776371efd2b7,LLM,3,2,1,1,0.8661351491021746,0,0,1,0,0,1,1,0,2,0,0,1,0,0,0
in-036c776371efd2b7,Hybrid,3,2,1,1,0.8878744122321213,0,0,1,0,0,1,1,0.12746409368665998,1,1,1,0,0,0,0
in-fc00c70672996923,LLM,1,1,0,2,0.6636568907520001,0,0,0,0,1,0,0,0,0,0,0,1,0,0,0
in-fc00c70672996923,Hybrid,1,1,0,2,0.6636568907520001,0,0,0,0,1,0,0,0.11538300615146228,0,0,0,1,0,0,0
in-3974672cef9dd264,JobBERT,3,3,0,0,0.6424817961416817,1,0,1,0,0,1,0,0,0,0,0,3,0,0,0
in-3974672cef9dd264,LLM,3,3,0,2,0.6495215750400002,0,0,1,0,0,2,0,0,0,0,0,2,1,0,0
in-3974672cef9dd264,Hybrid,5,5,0,2,0.6139457255045793,1,0,1,0,0,3,0,0.15646656774356615,0,0,1,1,3,0,0
in-15fc9d5bf30a4f52,LLM,2,2,0,1,0.5687267040000001,0,0,2,0,0,0,0,0,0,0,0,0,2,0,0
in-15fc9d5bf30a4f52,Hybrid,2,2,0,1,0.5687267040000001,0,0,2,0,0,0,0,0.0,0,0,0,0,2,0,0
in-78cf01cb605e5896,JobBERT,4,4,0,6,0.7428107275103293,0,0,2,0,0,2,0,0,0,0,3,1,0,0,0
in-78cf01cb605e5896,Hybrid,4,4,0,6,0.5942485820082635,0,0,2,0,0,2,0,0.06050330115853296,0,0,0,3,1,0,0
in-032bc9411bdc659a,JobBERT,6,5,1,0,0.7541280315449251,0,0,5,0,0,0,1,0,2,1,0,1,2,0,0
in-032bc9411bdc659a,LLM,6,0,6,0,0.7952702397318797,0,0,0,0,0,0,6,0,1,2,0,3,0,0,0
in-032bc9411bdc659a,Hybrid,9,3,6,0,0.6847300433606008,0,0,3,0,0,0,6,0.006207908669774412,1,2,0,3,1,2,0
in-1f4ca5ad774310ff,JobBERT,3,3,0,0,0.9525822083535559,0,1,2,0,0,0,0,0,3,0,0,0,0,0,0
in-1f4ca5ad774310ff,LLM,3,0,3,4,0.9512447313190577,0,0,0,0,0,0,3,0,3,0,0,0,0,0,0
in-1f4ca5ad774310ff,Hybrid,3,0,3,4,0.9061077978393328,0,0,0,0,0,0,3,0.12417674566570085,2,1,0,0,0,0,0
in-7572e23d64239874,JobBERT,5,5,0,0,0.6477677066694114,0,0,4,0,1,0,0,0,0,1,0,2,2,0,0
in-7572e23d64239874,LLM,5,2,3,0,0.7113762138308046,0,0,1,1,0,0,3,0,0,0,2,3,0,0,0
in-7572e23d64239874,Hybrid,8,5,3,0,0.6537712109472043,0,0,3,1,1,0,3,0.027505603885049863,1,1,0,3,1,2,0
in-b9d4aea91e3f2d0c,JobBERT,2,2,0,0,0.6042649974024268,0,0,1,0,1,0,0,0,0,0,0,1,1,0,0
in-b9d4aea91e3f2d0c,LLM,2,2,0,1,0.6721411976228573,0,0,0,0,0,2,0,0,0,0,0,2,0,0,0
in-b9d4aea91e3f2d0c,Hybrid,4,4,0,1,0.5777765977723994,0,0,1,0,1,2,0,0.011464788406454787,0,0,0,2,1,1,0
in-b418b4139ba55785,JobBERT,2,2,0,0,0.8568015638174293,0,0,2,0,0,0,0,0,0,2,0,0,0,0,0
in-b418b4139ba55785,LLM,3,0,3,1,0.8618213461918397,0,0,0,0,0,0,3,0,2,0,1,0,0,0,0
in-b418b4139ba55785,Hybrid,3,0,3,1,0.8095649964006685,0,0,0,0,0,0,3,0.027482879161834717,0,2,1,0,0,0,0
in-9b5f98ea7564baaf,JobBERT,4,3,1,0,0.7799293811906136,1,0,1,0,0,1,1,0,0,2,1,1,0,0,0
in-9b5f98ea7564baaf,LLM,4,0,4,0,0.7259752063629037,0,0,0,0,0,0,4,0,0,1,1,2,0,0,0
in-9b5f98ea7564baaf,Hybrid,5,1,4,0,0.7070123319910019,1,0,0,0,0,0,4,0.0,1,0,1,2,1,0,0
in-fa78458f9443eaa7,LLM,2,2,0,2,0.6884494761600002,0,0,0,0,2,0,0,0,0,0,1,1,0,0,0
in-fa78458f9443eaa7,Hybrid,2,2,0,2,0.6884494761600002,0,0,0,0,2,0,0,0.17328860810198543,0,0,1,1,0,0,0
in-752b949d027be167,LLM,9,6,3,8,0.6534541113600002,0,0,5,0,0,1,3,0,0,0,0,8,1,0,0
in-752b949d027be167,Hybrid,9,6,3,8,0.6534541113600002,0,0,5,0,0,1,3,0.07222715539174644,0,0,0,8,1,0,0
in-4256252b53fa4d02,LLM,2,2,0,2,0.6695398771200002,0,1,0,1,0,0,0,0,0,0,0,2,0,0,0
in-4256252b53fa4d02,Hybrid,2,2,0,2,0.6695398771200002,0,1,0,1,0,0,0,0.053400410088138464,0,0,0,2,0,0,0
in-d7de06cb3625cd66,LLM,3,0,3,1,0.6416448,0,0,0,0,0,0,3,0,0,0,0,3,0,0,0
in-d7de06cb3625cd66,Hybrid,3,0,3,1,0.6416448,0,0,0,0,0,0,3,0.01751367292906109,0,0,0,3,0,0,0
in-33451d1313ab6342,LLM,6,2,4,1,0.6481323676800002,0,0,0,0,0,2,4,0,0,0,0,6,0,0,0
in-33451d1313ab6342,Hybrid,6,2,4,1,0.6481323676800002,0,0,0,0,0,2,4,0.0,0,0,0,6,0,0,0
in-05083d32f3b2c12f,LLM,3,0,3,1,0.6328569600000001,0,0,0,0,0,0,3,0,0,0,0,3,0,0,0
in-05083d32f3b2c12f,Hybrid,3,0,3,1,0.6328569600000001,0,0,0,0,0,0,3,0.0,0,0,0,3,0,0,0
in-58bfabff667346c3,LLM,1,0,1,0,0.6621696,0,0,0,0,0,0,1,0,0,0,0,1,0,0,0
in-58bfabff667346c3,Hybrid,1,0,1,0,0.6621696,0,0,0,0,0,0,1,0.0,0,0,0,1,0,0,0
in-3b63eee1df14e4f6,JobBERT,4,4,0,0,0.8570618002890928,0,0,2,0,1,1,0,0,1,2,1,0,0,0,0
in-3b63eee1df14e4f6,LLM,4,4,0,0,0.806127260403426,0,0,1,0,1,2,0,0,0,2,1,1,0,0,0
in-3b63eee1df14e4f6,Hybrid,5,5,0,0,0.8488767082660834,0,0,2,0,1,2,0,0.1712710878387982,2,1,0,2,0,0,0
in-448e625116919c52,LLM,3,1,2,0,0.6199243776,0,1,0,0,0,0,2,0,0,0,0,3,0,0,0
in-448e625116919c52,Hybrid,3,1,2,0,0.6199243776,0,1,0,0,0,0,2,0.0,0,0,0,3,0,0,0
in-554dc0d2bef78a4c,JobBERT,4,2,2,8,0.7343234856249912,0,0,2,0,0,0,2,0,1,0,1,1,1,0,0
in-554dc0d2bef78a4c,LLM,2,0,2,6,0.7784356221368873,0,0,0,0,0,0,2,0,0,1,0,1,0,0,0
in-554dc0d2bef78a4c,Hybrid,5,2,3,9,0.6463164685481022,0,0,2,0,0,0,3,0.0573600653036163,1,0,0,2,0,2,0
in-f9819a980c1976e8,JobBERT,1,1,0,0,0.5239324732021988,0,0,1,0,0,0,0,0,0,0,0,0,1,0,0
in-f9819a980c1976e8,LLM,2,0,2,4,0.6355728,0,0,0,0,0,0,2,0,0,0,0,2,0,0,0
in-f9819a980c1976e8,Hybrid,3,1,2,4,0.5634305261872531,0,0,1,0,0,0,2,0.15836289430919448,0,0,0,2,0,1,0
in-46527b145958f44b,JobBERT,8,8,0,0,0.8306092735199146,0,0,5,1,2,0,0,0,3,2,0,3,0,0,0
in-46527b145958f44b,LLM,8,8,0,6,0.8174226311065487,0,0,4,2,2,0,0,0,2,3,1,2,0,0,0
in-46527b145958f44b,Hybrid,11,11,0,6,0.7849568907668566,0,0,7,2,2,0,0,0.132470461724024,5,0,1,2,3,0,0
in-d7f955d1258c78ff,JobBERT,4,4,0,5,0.7169175211463451,0,0,2,0,0,2,0,0,1,0,0,2,1,0,0
in-d7f955d1258c78ff,LLM,4,3,1,6,0.732764543936,0,0,0,0,0,3,1,0,1,0,0,3,0,0,0
in-d7f955d1258c78ff,Hybrid,7,6,1,7,0.6354914092737578,0,0,2,0,0,4,1,0.03947547358761865,1,0,0,3,1,2,0
in-21d24d42a7df10cd,LLM,1,1,0,1,0.6695398771200001,0,0,0,0,0,1,0,0,0,0,0,1,0,0,0
in-21d24d42a7df10cd,Hybrid,1,1,0,1,0.6695398771200001,0,0,0,0,0,1,0,0.13062979699480554,0,0,0,1,0,0,0
in-208b2e5025df647a,JobBERT,2,2,0,1,0.6765413834953251,0,0,0,1,0,1,0,0,0,0,1,1,0,0,0
in-208b2e5025df647a,LLM,2,2,0,2,0.6390797774400002,0,0,0,1,0,1,0,0,0,0,0,1,1,0,0
in-208b2e5025df647a,Hybrid,4,4,0,2,0.5901564421181302,0,0,0,2,0,2,0,0.13625654571115892,0,0,0,1,2,1,0
in-c8b5d048476a93d0,LLM,3,3,0,1,0.68478991488,0,0,0,1,1,1,0,0,0,0,2,1,0,0,0
in-c8b5d048476a93d0,Hybrid,3,3,0,1,0.68478991488,0,0,0,1,1,1,0,0.016240646230477135,0,0,2,1,0,0,0
in-6c05d56a44786edb,LLM,2,0,2,0,0.7005600000000001,0,0,0,0,0,0,2,0,0,0,1,1,0,0,0
in-6c05d56a44786edb,Hybrid,2,0,2,0,0.7005600000000001,0,0,0,0,0,0,2,0.0,0,0,1,1,0,0,0
in-90b42c07ae279875,JobBERT,1,1,0,5,0.7974898233716725,0,0,1,0,0,0,0,0,0,0,1,0,0,0,0
in-90b42c07ae279875,LLM,5,4,1,5,0.7056017615463638,0,0,1,0,1,2,1,0,0,1,1,3,0,0,0
in-90b42c07ae279875,Hybrid,5,4,1,5,0.69565698731115,0,0,1,0,1,2,1,0.0927186722096445,0,0,2,3,0,0,0
in-88a51045bc7d4a9a,JobBERT,4,4,0,0,0.6764264576916326,0,0,4,0,0,0,0,0,0,1,0,3,0,0,0
in-88a51045bc7d4a9a,LLM,1,0,1,0,0.8798733097256473,0,0,0,0,0,0,1,0,0,1,0,0,0,0,0
in-88a51045bc7d4a9a,Hybrid,4,3,1,0,0.580873442125803,0,0,3,0,0,0,1,0.0,0,1,0,0,1,2,0
in-49c600e867b28fcc,LLM,5,5,0,4,0.5954707065600001,0,0,4,0,0,1,0,0,0,0,0,1,4,0,0
in-49c600e867b28fcc,Hybrid,5,5,0,4,0.5954707065600001,0,0,4,0,0,1,0,0.0,0,0,0,1,4,0,0
in-b7a2468228c54cc1,JobBERT,1,1,0,0,1.0,0,0,0,0,0,1,0,0,1,0,0,0,0,0,0
in-b7a2468228c54cc1,LLM,2,1,1,2,0.8182419022245458,0,0,1,0,0,0,1,0,0,1,1,0,0,0,0
in-b7a2468228c54cc1,Hybrid,2,1,1,2,0.821723376515278,0,0,1,0,0,0,1,0.0,1,0,1,0,0,0,0
in-195c25519bd7260c,LLM,5,5,0,5,0.5671896048,0,0,5,0,0,0,0,0,0,0,0,0,5,0,0
in-195c25519bd7260c,Hybrid,5,5,0,5,0.5671896048,0,0,5,0,0,0,0,0.13216643579516177,0,0,0,0,5,0,0
in-8ea91331725eff8e,JobBERT,2,2,0,0,0.8648724172609905,0,0,0,0,0,2,0,0,0,2,0,0,0,0,0
in-8ea91331725eff8e,LLM,6,5,1,0,0.7574356437029315,0,0,1,0,0,4,1,0,1,1,2,2,0,0,0
in-8ea91331725eff8e,Hybrid,7,6,1,0,0.7686115593513999,0,0,1,0,0,5,1,0.08789423344070192,2,0,2,3,0,0,0
in-5c64baea4f999645,JobBERT,2,2,0,0,0.6011719282335142,0,0,2,0,0,0,0,0,0,0,0,1,1,0,0
in-5c64baea4f999645,LLM,1,0,1,0,0.6082560000000001,0,0,0,0,0,0,1,0,0,0,0,1,0,0,0
in-5c64baea4f999645,Hybrid,3,2,1,0,0.5233770283912076,0,0,2,0,0,0,1,0.014177543718711114,0,0,0,1,0,2,0
in-acb2a7db662d2b2b,LLM,3,3,0,4,0.6758415129600001,0,0,2,0,1,0,0,0,0,0,2,1,0,0,0
in-acb2a7db662d2b2b,Hybrid,3,3,0,9,0.6758415129600001,0,0,2,0,1,0,0,0.13675464037470414,0,0,2,1,0,0,0
in-5d8fe52e81a725a5,LLM,1,0,1,0,0.6545664000000001,0,0,0,0,0,0,1,0,0,0,0,1,0,0,0
in-5d8fe52e81a725a5,Hybrid,1,0,1,0,0.6545664000000001,0,0,0,0,0,0,1,0.0,0,0,0,1,0,0,0
in-3902e97b79f7d2cf,JobBERT,1,1,0,0,0.8382141845653385,0,0,1,0,0,0,0,0,0,1,0,0,0,0,0
in-3902e97b79f7d2cf,LLM,2,1,1,1,0.7680592128114601,0,0,1,0,0,0,1,0,1,0,0,1,0,0,0
in-3902e97b79f7d2cf,Hybrid,2,1,1,1,0.7268689566624651,0,0,1,0,0,0,1,0.0,0,1,0,1,0,0,0
in-fa78458f9443eaa7,JobBERT,3,3,0,0,0.6928322353226258,0,0,2,0,0,1,0,0,0,1,0,2,0,0,0
in-fa78458f9443eaa7,LLM,4,4,0,1,0.6870443158118011,0,0,1,1,0,2,0,0,0,1,1,1,1,0,0
in-fa78458f9443eaa7,Hybrid,5,5,0,1,0.6949559679152139,0,0,2,1,0,2,0,0.032959663300715064,1,0,1,1,1,1,0
in-4e852e4285a16380,JobBERT,2,2,0,1,0.5284258414115892,0,0,2,0,0,0,0,0,0,0,0,0,2,0,0
in-4e852e4285a16380,LLM,2,0,2,2,0.6029760000000002,0,0,0,0,0,0,2,0,0,0,0,2,0,0,0
in-4e852e4285a16380,Hybrid,4,2,2,2,0.5128583365646358,0,0,2,0,0,0,2,0.2080063630251244,0,0,0,2,0,2,0
in-6482dbbaf700f094,LLM,4,0,4,1,0.6315840000000001,0,0,0,0,0,0,4,0,0,0,0,4,0,0,0
in-6482dbbaf700f094,Hybrid,4,0,4,1,0.6315840000000001,0,0,0,0,0,0,4,0.05499412386040939,0,0,0,4,0,0,0
in-f0b48fead02e6e98,JobBERT,10,10,0,3,0.8642716972585495,0,1,4,2,2,1,0,0,3,6,1,0,0,0,0
in-f0b48fead02e6e98,LLM,10,9,1,7,0.7926195961878192,0,1,4,1,2,1,1,0,1,2,6,1,0,0,0
in-f0b48fead02e6e98,Hybrid,15,14,1,7,0.7704889063301847,0,1,6,3,3,1,1,0.1654579639750903,3,1,5,5,1,0,0
in-42b55a983bf16945,JobBERT,2,2,0,6,0.978089682061139,0,0,2,0,0,0,0,0,2,0,0,0,0,0,0
in-42b55a983bf16945,LLM,2,2,0,6,0.9540672678177233,0,0,2,0,0,0,0,0,2,0,0,0,0,0,0
in-42b55a983bf16945,Hybrid,2,2,0,7,1.0,0,0,2,0,0,0,0,0.19306898046411244,2,0,0,0,0,0,0
in-5d555c25fc522941,JobBERT,2,2,0,0,0.7425163216915294,0,0,1,1,0,0,0,0,0,1,0,0,1,0,0
in-5d555c25fc522941,LLM,3,0,3,1,0.7504831948092132,0,0,0,0,0,0,3,0,0,1,0,2,0,0,0
in-5d555c25fc522941,Hybrid,4,1,3,1,0.6719821152051133,0,0,0,1,0,0,3,0.0,0,1,0,2,0,1,0
in-57b11b81933f1ce0,JobBERT,4,4,0,0,0.6517484713832581,0,0,4,0,0,0,0,0,0,0,1,3,0,0,0
in-57b11b81933f1ce0,LLM,2,0,2,5,0.8765205393588329,0,0,0,0,0,0,2,0,0,2,0,0,0,0,0
in-57b11b81933f1ce0,Hybrid,5,3,2,5,0.6242070108844571,0,0,3,0,0,0,2,0.1272712450278433,0,1,1,0,0,3,0
in-086a9933cd2b22d2,JobBERT,2,2,0,0,0.593471772080183,0,0,2,0,0,0,0,0,0,0,0,0,2,0,0
in-086a9933cd2b22d2,LLM,3,3,0,0,0.6735085584000001,0,0,2,0,0,1,0,0,0,0,0,3,0,0,0
in-086a9933cd2b22d2,Hybrid,5,5,0,0,0.5940161021056587,0,0,4,0,0,1,0,0.03491812738575195,0,0,0,3,0,2,0
in-b6d25c92fe133ceb,LLM,6,6,0,6,0.5673411674400001,0,0,5,0,0,1,0,0,0,0,0,0,6,0,0
in-b6d25c92fe133ceb,Hybrid,6,6,0,8,0.5673411674400001,0,0,5,0,0,1,0,0.0697158375943686,0,0,0,0,6,0,0
in-ad982b420f5bc14c,JobBERT,4,4,0,0,0.7155594523443164,0,1,3,0,0,0,0,0,0,1,1,2,0,0,0
in-ad982b420f5bc14c,LLM,3,0,3,0,0.7238489606940156,0,0,0,0,0,0,3,0,0,1,0,2,0,0,0
in-ad982b420f5bc14c,Hybrid,6,3,3,0,0.625939513648898,0,1,2,0,0,0,3,0.0,0,0,1,3,2,0,0
in-4cbcdf1495f274ef,LLM,2,0,2,0,0.6144624000000001,0,0,0,0,0,0,2,0,0,0,0,2,0,0,0
in-4cbcdf1495f274ef,Hybrid,2,0,2,0,0.6144624000000001,0,0,0,0,0,0,2,0.0,0,0,0,2,0,0,0
in-042b565c84045356,JobBERT,9,8,1,3,0.8084381395846907,1,0,5,1,1,0,1,0,1,5,1,2,0,0,0
in-042b565c84045356,LLM,12,5,7,3,0.7502333462931897,0,0,3,1,1,0,7,0,1,3,3,5,0,0,0
in-042b565c84045356,Hybrid,15,8,7,5,0.7371974034519275,0,0,5,2,1,0,7,0.13444741057317663,1,3,5,5,1,0,0
in-290c255a99e5d600,JobBERT,4,4,0,0,0.715257143669042,0,0,2,0,0,2,0,0,1,0,0,2,1,0,0
in-290c255a99e5d600,LLM,12,4,8,3,0.6707227947523142,0,0,0,0,3,1,8,0,0,1,4,7,0,0,0
in-290c255a99e5d600,Hybrid,15,7,8,3,0.6393502592445864,0,0,2,0,3,2,8,0.106610247007629,0,1,4,7,1,2,0
in-fac0a95b0783fd9d,LLM,5,2,3,4,0.6333305296320002,1,0,0,0,0,1,3,0,0,0,0,4,1,0,0
in-fac0a95b0783fd9d,Hybrid,5,2,3,4,0.6333305296320002,1,0,0,0,0,1,3,0.10485249116933247,0,0,0,4,1,0,0
in-a17d7e782cb5033c,JobBERT,3,3,0,0,0.8347923433949123,0,0,2,0,0,1,0,0,1,1,0,1,0,0,0
in-a17d7e782cb5033c,LLM,3,3,0,2,0.9068814761713742,0,0,0,1,0,2,0,0,2,0,1,0,0,0,0
in-a17d7e782cb5033c,Hybrid,4,4,0,2,0.830376334950796,0,0,1,1,0,2,0,0.07594940965477012,2,0,1,0,1,0,0
in-9b2c3343da5b9f4d,JobBERT,3,2,1,0,0.9574682978724329,0,0,0,1,0,1,1,0,3,0,0,0,0,0,0
in-9b2c3343da5b9f4d,LLM,3,0,3,0,0.8884679900975746,0,0,0,0,0,0,3,0,2,0,1,0,0,0,0
in-9b2c3343da5b9f4d,Hybrid,4,1,3,0,0.8454341614808242,0,0,0,0,0,1,3,0.0,2,0,2,0,0,0,0
in-07a9c2a299829676,JobBERT,19,19,0,4,0.7835736501627288,0,1,12,1,3,2,0,0,3,8,0,7,1,0,0
in-07a9c2a299829676,LLM,21,20,1,6,0.7430379214930314,0,1,11,3,2,3,1,0,3,3,9,6,0,0,0
in-07a9c2a299829676,Hybrid,34,33,1,9,0.7002075339153769,0,1,19,4,4,5,1,0.2881639878021733,6,1,8,11,7,1,0
in-e07c53dcbcbf3274,LLM,4,3,1,3,0.5846342400000001,0,0,3,0,0,0,1,0,0,0,0,1,3,0,0
in-e07c53dcbcbf3274,Hybrid,4,3,1,3,0.5846342400000001,0,0,3,0,0,0,1,0.14488258236332946,0,0,0,1,3,0,0
in-e73b0bc1ec1ad643,JobBERT,2,2,0,0,0.9164682239874526,0,0,2,0,0,0,0,0,1,1,0,0,0,0,0
in-e73b0bc1ec1ad643,LLM,3,1,2,0,0.9527944292482607,0,0,0,0,0,1,2,0,3,0,0,0,0,0,0
in-e73b0bc1ec1ad643,Hybrid,3,1,2,0,0.9273012826812513,0,0,0,0,0,1,2,0.14734055098758525,2,1,0,0,0,0,0
in-43db16c291d4d8cb,LLM,1,1,0,0,0.6821462764800001,0,0,0,0,0,1,0,0,0,0,0,1,0,0,0
in-43db16c291d4d8cb,Hybrid,1,1,0,0,0.6821462764800001,0,0,0,0,0,1,0,0.0,0,0,0,1,0,0,0
in-d18c707abbf6d1eb,JobBERT,1,1,0,0,0.7268869854572384,0,0,1,0,0,0,0,0,0,0,1,0,0,0,0
in-d18c707abbf6d1eb,LLM,1,0,1,0,0.6158592,0,0,0,0,0,0,1,0,0,0,0,1,0,0,0
in-d18c707abbf6d1eb,Hybrid,2,1,1,0,0.5986843941828954,0,0,1,0,0,0,1,0.0,0,0,0,1,1,0,0
in-2e43cfa3de5cdbea,LLM,2,0,2,0,0.6318633600000002,0,0,0,0,0,0,2,0,0,0,0,2,0,0,0
in-2e43cfa3de5cdbea,Hybrid,2,0,2,0,0.6318633600000002,0,0,0,0,0,0,2,0.0,0,0,0,2,0,0,0
in-5a81c5ecd1c8765b,JobBERT,1,1,0,0,0.4994488226717143,0,0,1,0,0,0,0,0,0,0,0,0,0,1,0
in-5a81c5ecd1c8765b,LLM,5,2,3,2,0.6119810928000001,0,0,2,0,0,0,3,0,0,0,0,3,2,0,0
in-5a81c5ecd1c8765b,Hybrid,5,2,3,2,0.6227940928376343,0,0,2,0,0,0,3,0.06010588962703326,0,0,0,4,1,0,0
in-cbc4fc39eb5961f3,JobBERT,4,3,1,0,0.9324109830863141,1,0,1,0,0,1,1,0,3,1,0,0,0,0,0
in-cbc4fc39eb5961f3,LLM,4,0,4,0,0.8715057552894584,0,0,0,0,0,0,4,0,2,1,1,0,0,0,0
in-cbc4fc39eb5961f3,Hybrid,5,0,5,0,0.8233752989050883,0,0,0,0,0,0,5,0.0,1,2,2,0,0,0,0
in-4194860976cb1be9,JobBERT,9,9,0,0,0.6431850123298154,0,0,8,0,1,0,0,0,1,1,0,2,4,1,0
in-4194860976cb1be9,LLM,4,2,2,0,0.7569333537534205,0,0,1,0,0,1,2,0,0,1,2,1,0,0,0
in-4194860976cb1be9,Hybrid,11,9,2,0,0.5840112234056423,0,0,8,0,0,1,2,0.006183629890378853,1,1,1,1,0,6,1
in-601c49b2a52c9d10,JobBERT,3,3,0,0,0.7727813345759351,0,1,1,0,0,1,0,0,1,0,0,2,0,0,0
in-601c49b2a52c9d10,LLM,3,2,1,6,0.7758828453163371,0,1,0,0,0,1,1,0,1,0,0,2,0,0,0
in-601c49b2a52c9d10,Hybrid,5,4,1,6,0.6770744037914017,0,1,1,0,0,2,1,0.17051707537917107,1,0,0,2,2,0,0
in-8543415ad2ef374e,JobBERT,2,1,1,2,0.9442392521660943,0,0,1,0,0,0,1,0,1,1,0,0,0,0,0
in-8543415ad2ef374e,LLM,3,1,2,2,0.9036554020154831,0,0,0,0,1,0,2,0,2,0,1,0,0,0,0
in-8543415ad2ef374e,Hybrid,3,1,2,2,0.8847410072571634,0,0,0,0,1,0,2,0.026494984267636395,1,1,1,0,0,0,0
in-9952e2c2c0e072ea,JobBERT,1,1,0,4,0.4373678661144286,0,0,1,0,0,0,0,0,0,0,0,0,0,1,0
in-9952e2c2c0e072ea,LLM,3,2,1,4,0.61814962176,0,0,0,2,0,0,1,0,0,0,0,3,0,0,0
in-9952e2c2c0e072ea,Hybrid,4,3,1,4,0.5510857895428858,0,0,1,2,0,0,1,0.03225360274130822,0,0,0,3,0,0,1
in-040fa566371acf2f,LLM,3,2,1,0,0.6084598195200001,0,0,1,1,0,0,1,0,0,0,0,2,1,0,0
in-040fa566371acf2f,Hybrid,3,2,1,0,0.6084598195200001,0,0,1,1,0,0,1,0.009838894254346019,0,0,0,2,1,0,0
in-acc05f25dcb874c4,JobBERT,1,1,0,0,0.8127048007309526,0,0,0,0,0,1,0,0,0,1,0,0,0,0,0
in-acc05f25dcb874c4,LLM,5,0,5,5,0.7077730752000001,0,0,0,0,0,0,5,0,0,1,0,4,0,0,0
in-acc05f25dcb874c4,Hybrid,5,0,5,5,0.6945476188861714,0,0,0,0,0,0,5,0.01753047014537611,0,1,0,4,0,0,0
in-f436eaa0ec0e4041,LLM,4,0,4,0,0.6415344000000001,0,0,0,0,0,0,4,0,0,0,0,4,0,0,0
in-f436eaa0ec0e4041,Hybrid,4,0,4,0,0.6415344000000001,0,0,0,0,0,0,4,0.0,0,0,0,4,0,0,0
in-9bf4d6d9ee1e4a14,JobBERT,7,7,0,2,0.6011161283869788,0,0,6,0,0,1,0,0,0,1,0,0,6,0,0
in-9bf4d6d9ee1e4a14,LLM,5,0,5,3,0.6979717822455951,0,0,0,0,0,0,5,0,0,1,0,4,0,0,0
in-9bf4d6d9ee1e4a14,Hybrid,11,6,5,3,0.5588834138171995,0,0,6,0,0,0,5,0.10374983040206628,0,0,1,4,0,6,0
in-8a9eb5ffe70927ec,JobBERT,3,3,0,0,0.740386090583368,0,0,2,0,0,1,0,0,0,1,1,1,0,0,0
in-8a9eb5ffe70927ec,LLM,5,0,5,0,0.7386087367286516,0,0,0,0,0,0,5,0,0,1,1,3,0,0,0
in-8a9eb5ffe70927ec,Hybrid,6,1,5,0,0.6762240244253732,0,0,1,0,0,0,5,0.0,0,1,0,4,1,0,0
in-2511582640fae0ca,JobBERT,3,2,1,0,0.7038211401252763,0,0,2,0,0,0,1,0,0,1,0,2,0,0,0
in-2511582640fae0ca,LLM,3,0,3,0,0.7331654434332373,0,0,0,0,0,0,3,0,0,1,0,2,0,0,0
in-2511582640fae0ca,Hybrid,4,1,3,0,0.6836707305426344,0,0,1,0,0,0,3,0.0,0,0,2,1,0,1,0
in-75aabc2af29af24c,JobBERT,2,2,0,0,0.966552667536403,0,0,1,0,0,1,0,0,2,0,0,0,0,0,0
in-75aabc2af29af24c,LLM,2,2,0,0,0.947673544936338,0,0,1,0,0,1,0,0,1,1,0,0,0,0,0
in-75aabc2af29af24c,Hybrid,2,2,0,0,1.0,0,0,1,0,0,1,0,0.028470141597937027,2,0,0,0,0,0,0
in-e5a40a553d833e46,LLM,1,1,0,3,0.5644701216000001,0,0,1,0,0,0,0,0,0,0,0,0,1,0,0
in-e5a40a553d833e46,Hybrid,1,1,0,3,0.5644701216000001,0,0,1,0,0,0,0,0.03868358045745784,0,0,0,0,1,0,0
in-94c8e798911e3470,LLM,15,15,0,24,0.681961522176,0,0,11,0,1,3,0,0,0,0,4,11,0,0,0
in-94c8e798911e3470,Hybrid,15,15,0,32,0.681961522176,0,0,11,0,1,3,0,0.27339965960782,0,0,4,11,0,0,0
in-abcde2d27f5adc56,JobBERT,1,1,0,0,0.36595555897159876,0,0,1,0,0,0,0,0,0,0,0,0,0,0,1
in-abcde2d27f5adc56,Hybrid,1,1,0,0,0.292764447177279,0,0,1,0,0,0,0,0.0,0,0,0,0,0,0,1
in-cd884a98466c5d51,LLM,2,2,0,2,0.6831968097600002,0,0,1,1,0,0,0,0,0,0,0,2,0,0,0
in-cd884a98466c5d51,Hybrid,2,2,0,2,0.6831968097600002,0,0,1,1,0,0,0,0.030059962603540047,0,0,0,2,0,0,0
in-4d39d1108694485c,JobBERT,3,3,0,3,0.6777539158282607,0,1,2,0,0,0,0,0,0,1,0,1,1,0,0
in-4d39d1108694485c,LLM,2,0,2,3,0.7589163572360963,0,0,0,0,0,0,2,0,0,1,0,1,0,0,0
in-4d39d1108694485c,Hybrid,4,2,2,3,0.6055275070516792,0,0,2,0,0,0,2,0.017269256486595563,0,0,1,1,1,1,0
in-75321c71d3b48fdc,LLM,1,1,0,2,0.6737420102400002,0,0,0,0,0,1,0,0,0,0,0,1,0,0,0
in-75321c71d3b48fdc,Hybrid,1,1,0,2,0.6737420102400002,0,0,0,0,0,1,0,0.12427502569047384,0,0,0,1,0,0,0
in-fe47a8774f6fee8b,JobBERT,3,3,0,0,0.6110604403916194,0,0,2,0,0,1,0,0,0,0,1,1,0,0,1
in-fe47a8774f6fee8b,LLM,2,2,0,4,0.8571540125446162,0,0,0,0,0,2,0,0,1,0,1,0,0,0,0
in-fe47a8774f6fee8b,Hybrid,4,4,0,4,0.6488447865524833,0,0,1,0,0,3,0,0.11543546521089525,1,0,1,0,1,0,1
in-4f4c7c65d5d697a1,JobBERT,1,1,0,0,0.769097206875652,0,0,1,0,0,0,0,0,0,0,1,0,0,0,0
in-4f4c7c65d5d697a1,LLM,2,2,0,2,0.6702402326400001,0,0,1,0,0,1,0,0,0,0,0,2,0,0,0
in-4f4c7c65d5d697a1,Hybrid,3,3,0,2,0.6519194102601739,0,0,2,0,0,1,0,0.0,0,0,0,3,0,0,0
in-688c9596567360d1,JobBERT,10,10,0,15,0.7758396734181721,0,0,3,0,3,4,0,0,2,2,2,4,0,0,0
in-688c9596567360d1,LLM,25,24,1,26,0.7187747542787761,0,0,6,6,2,10,1,0,1,3,9,12,0,0,0
in-688c9596567360d1,Hybrid,32,31,1,30,0.6901155073183226,0,0,7,6,4,14,1,0.4901809211154452,2,1,10,14,5,0,0
in-df4c58ba7dee56c3,JobBERT,2,2,0,4,0.6424504725133094,0,1,0,0,1,0,0,0,0,0,0,2,0,0,0
in-df4c58ba7dee56c3,LLM,6,6,0,4,0.5915647457280002,0,3,0,0,3,0,0,0,0,0,0,0,6,0,0
in-df4c58ba7dee56c3,Hybrid,8,8,0,4,0.5721636537986621,0,4,0,0,4,0,0,0.13447487976017597,0,0,0,0,8,0,0
in-80759602520c230d,JobBERT,15,13,2,1,0.8490995456781205,1,0,7,0,3,2,2,0,7,4,0,4,0,0,0
in-80759602520c230d,LLM,14,1,13,13,0.7982865011959419,0,0,1,0,0,0,13,0,2,5,4,3,0,0,0
in-80759602520c230d,Hybrid,21,8,13,13,0.7382957774705471,0,0,7,0,1,0,13,0.18359487872374688,3,4,4,7,3,0,0
in-994763d7530e88b1,LLM,4,1,3,1,0.61881560928,0,0,0,0,0,1,3,0,0,0,0,4,0,0,0
in-994763d7530e88b1,Hybrid,4,1,3,1,0.61881560928,0,0,0,0,0,1,3,0.0,0,0,0,4,0,0,0
in-5dc0137fea6a865d,LLM,3,1,2,5,0.6105535180800001,0,0,0,1,0,0,2,0,0,0,0,3,0,0,0
in-5dc0137fea6a865d,Hybrid,3,1,2,5,0.6105535180800001,0,0,0,1,0,0,2,0.041410371544822626,0,0,0,3,0,0,0
in-9a4ed3eee44b552b,LLM,3,3,0,5,0.6491367206400002,0,0,2,0,1,0,0,0,0,0,0,3,0,0,0
in-9a4ed3eee44b552b,Hybrid,3,3,0,5,0.6491367206400002,0,0,2,0,1,0,0,0.0,0,0,0,3,0,0,0
in-1bb577efa30c9a9d,LLM,5,0,5,3,0.65087136,0,0,0,0,0,0,5,0,0,0,0,5,0,0,0
in-1bb577efa30c9a9d,Hybrid,5,0,5,3,0.65087136,0,0,0,0,0,0,5,0.07998000954452013,0,0,0,5,0,0,0
in-68071ee351033ae8,LLM,1,1,0,3,0.6653377440000001,0,0,0,0,0,1,0,0,0,0,0,1,0,0,0
in-68071ee351033ae8,Hybrid,1,1,0,6,0.6653377440000001,0,0,0,0,0,1,0,0.0,0,0,0,1,0,0,0
in-21b65d0610e66d01,LLM,4,0,4,0,0.6514920000000001,0,0,0,0,0,0,4,0,0,0,0,4,0,0,0
in-21b65d0610e66d01,Hybrid,4,0,4,0,0.6514920000000001,0,0,0,0,0,0,4,0.0,0,0,0,4,0,0,0
in-99e491f32ff77da0,JobBERT,3,1,2,0,0.6963192040569216,0,0,1,0,0,0,2,0,0,1,1,0,1,0,0
in-99e491f32ff77da0,LLM,5,0,5,0,0.6528902400000001,0,0,0,0,0,0,5,0,0,0,1,4,0,0,0
in-99e491f32ff77da0,Hybrid,7,1,6,0,0.6346025590165087,0,0,1,0,0,0,6,0.0076135666030777175,1,0,0,4,1,1,0
in-731fc34f48c31ddd,LLM,2,0,2,1,0.6164928000000001,0,0,0,0,0,0,2,0,0,0,0,2,0,0,0
in-731fc34f48c31ddd,Hybrid,2,0,2,1,0.6164928000000001,0,0,0,0,0,0,2,0.03157894736842106,0,0,0,2,0,0,0
in-3cb0315c9817c8d0,LLM,4,0,4,0,0.6392160000000002,0,0,0,0,0,0,4,0,0,0,0,4,0,0,0
in-3cb0315c9817c8d0,Hybrid,4,0,4,0,0.6392160000000002,0,0,0,0,0,0,4,0.0,0,0,0,4,0,0,0
in-fccebe9f39e20a5c,LLM,3,3,0,1,0.6082855411200002,0,0,2,0,0,1,0,0,0,0,0,1,2,0,0
in-fccebe9f39e20a5c,Hybrid,3,3,0,1,0.6082855411200002,0,0,2,0,0,1,0,0.01985016120107551,0,0,0,1,2,0,0
in-c3d2f61b501acb8c,LLM,3,3,0,4,0.5844857760000001,0,0,3,0,0,0,0,0,0,0,0,1,2,0,0
in-c3d2f61b501acb8c,Hybrid,3,3,0,4,0.5844857760000001,0,0,3,0,0,0,0,0.018525368288943644,0,0,0,1,2,0,0
in-3ba7bd305620f5c0,LLM,1,0,1,0,0.6621696,0,0,0,0,0,0,1,0,0,0,0,1,0,0,0
in-3ba7bd305620f5c0,Hybrid,1,0,1,0,0.6621696,0,0,0,0,0,0,1,0.0,0,0,0,1,0,0,0
in-fafd0a966425224e,LLM,3,1,2,15,0.6522109278720001,0,0,1,0,0,0,2,0,0,0,0,3,0,0,0
in-fafd0a966425224e,Hybrid,3,1,2,15,0.6522109278720001,0,0,1,0,0,0,2,0.0,0,0,0,3,0,0,0
in-761b1a8b3aa91eb0,JobBERT,3,3,0,0,0.7078846681039455,1,0,1,0,1,0,0,0,0,1,1,0,1,0,0
in-761b1a8b3aa91eb0,LLM,5,0,5,3,0.7136191189702195,0,0,0,0,0,0,5,0,0,1,0,4,0,0,0
in-761b1a8b3aa91eb0,Hybrid,7,2,5,3,0.649912502224628,1,0,1,0,0,0,5,0.09906895788092364,0,1,0,4,1,1,0
in-73204c7e4e84e27c,LLM,2,2,0,2,0.6170322240000001,0,0,1,0,0,1,0,0,0,0,0,1,1,0,0
in-73204c7e4e84e27c,Hybrid,2,2,0,2,0.6170322240000001,0,0,1,0,0,1,0,0.08417860395029973,0,0,0,1,1,0,0
in-46d754a162037993,JobBERT,9,9,0,0,0.7869719738618295,0,1,5,0,1,2,0,0,1,4,1,3,0,0,0
in-46d754a162037993,LLM,7,4,3,2,0.7733737381839149,0,0,1,0,2,1,3,0,0,3,2,2,0,0,0
in-46d754a162037993,Hybrid,13,10,3,2,0.7054694352429955,0,1,4,0,3,2,3,0.21619882289421957,2,0,3,5,3,0,0
in-520d9e37336f7ecd,LLM,11,2,9,6,0.62208820224,0,0,2,0,0,0,9,0,0,0,1,10,0,0,0
in-520d9e37336f7ecd,Hybrid,11,2,9,6,0.62208820224,0,0,2,0,0,0,9,0.0,0,0,1,10,0,0,0
in-456c0a8c0e5eb68b,LLM,3,0,3,3,0.6409382400000001,0,0,0,0,0,0,3,0,0,0,0,3,0,0,0
in-456c0a8c0e5eb68b,Hybrid,3,0,3,3,0.6409382400000001,0,0,0,0,0,0,3,0.0,0,0,0,3,0,0,0
in-7a7711191c02b046,JobBERT,2,2,0,0,0.8137709913872782,0,0,1,0,0,1,0,0,1,0,0,1,0,0,0
in-7a7711191c02b046,LLM,3,2,1,0,0.7837748604249052,0,0,0,0,0,2,1,0,1,0,1,1,0,0,0
in-7a7711191c02b046,Hybrid,3,2,1,0,0.808510599444959,0,0,0,0,0,2,1,0.0748802569966589,1,0,1,1,0,0,0
in-cf284d58281847c3,JobBERT,7,5,2,1,0.7802447307763085,0,0,3,0,1,1,2,0,1,3,1,2,0,0,0
in-cf284d58281847c3,LLM,5,2,3,3,0.8239832233041889,0,0,1,0,0,1,3,0,1,2,2,0,0,0,0
in-cf284d58281847c3,Hybrid,9,5,4,3,0.7570580610254635,0,0,3,0,0,2,4,0.31547326079507143,3,1,0,3,2,0,0
in-086000ce40db58ea,JobBERT,7,6,1,3,0.7124580665887944,0,0,3,0,0,3,1,0,1,1,1,3,1,0,0
in-086000ce40db58ea,LLM,7,4,3,4,0.6911766536134346,0,0,1,0,0,3,3,0,1,0,1,4,1,0,0
in-086000ce40db58ea,Hybrid,11,7,4,5,0.646508032346011,0,0,3,0,0,4,4,0.03795264507965311,1,1,1,2,3,3,0
in-b9943437f11e6e7b,JobBERT,1,1,0,0,0.7544046422228204,0,0,1,0,0,0,0,0,0,0,1,0,0,0,0
in-b9943437f11e6e7b,LLM,2,0,2,0,0.7887004156473937,0,0,0,0,0,0,2,0,0,1,0,1,0,0,0
in-b9943437f11e6e7b,Hybrid,2,0,2,0,0.7320300207399032,0,0,0,0,0,0,2,0.0,0,0,1,1,0,0,0
in-14d73f227fd45146,JobBERT,4,4,0,1,0.8206551565199265,0,0,2,0,2,0,0,0,1,1,1,1,0,0,0
in-14d73f227fd45146,LLM,4,4,0,2,0.8236786939667747,0,0,0,0,4,0,0,0,1,1,2,0,0,0,0
in-14d73f227fd45146,Hybrid,6,6,0,2,0.7693611299587925,0,0,1,0,5,0,0,0.15011377251272734,2,0,2,1,1,0,0
in-28a75def2ed995eb,JobBERT,4,4,0,0,0.6337298915766895,1,0,2,0,0,1,0,0,0,0,1,1,2,0,0
in-28a75def2ed995eb,LLM,2,2,0,4,0.7088815871999999,0,0,0,1,0,1,0,0,0,0,2,0,0,0,0
in-28a75def2ed995eb,Hybrid,6,6,0,4,0.5742831379075677,1,0,2,1,0,2,0,0.10763266332229696,0,0,2,1,0,3,0
in-842da0921d6c1142,JobBERT,4,3,1,0,0.6368937557298839,0,0,3,0,0,0,1,0,0,0,1,1,2,0,0
in-842da0921d6c1142,LLM,3,0,3,0,0.6255936000000001,0,0,0,0,0,0,3,0,0,0,0,3,0,0,0
in-842da0921d6c1142,Hybrid,6,2,4,0,0.5671513090658228,0,0,2,0,0,0,4,0.013489943060914155,0,0,0,3,1,2,0
in-0b1202bf3556f0ec,JobBERT,19,17,2,0,0.6900750110449041,0,1,14,0,0,2,2,0,2,2,5,2,7,1,0
in-0b1202bf3556f0ec,LLM,21,8,13,18,0.699085578165093,0,0,4,1,0,3,13,0,0,4,6,11,0,0,0
in-0b1202bf3556f0ec,Hybrid,36,21,15,18,0.6230739763862255,0,1,15,1,0,4,15,0.29381495990966855,1,1,8,16,2,7,1
in-12dd56b9ad69fd1c,JobBERT,1,1,0,4,0.8231426946832436,0,0,1,0,0,0,0,0,0,1,0,0,0,0,0
in-12dd56b9ad69fd1c,LLM,3,3,0,5,0.7963117384028139,0,0,0,0,0,3,0,0,1,0,2,0,0,0,0
in-12dd56b9ad69fd1c,Hybrid,3,3,0,6,0.8196493309045115,0,0,0,0,0,3,0,0.04089768460214099,1,0,2,0,0,0,0
in-965f58ca3e59d3f2,LLM,3,2,1,5,0.67503131904,0,0,2,0,0,0,1,0,0,0,2,1,0,0,0
in-965f58ca3e59d3f2,Hybrid,3,2,1,6,0.67503131904,0,0,2,0,0,0,1,0.10465781430550808,0,0,2,1,0,0,0
in-7461bc5cf0db64c7,LLM,11,10,1,10,0.6614986710109091,0,0,6,0,0,4,1,0,0,0,5,5,1,0,0
in-7461bc5cf0db64c7,Hybrid,11,10,1,10,0.6614986710109091,0,0,6,0,0,4,1,0.2531514726057803,0,0,5,5,1,0,0
in-4250b91d85b051d1,JobBERT,18,14,4,1,0.6346101205491635,0,1,12,1,0,0,4,0,0,3,2,4,7,2,0
in-4250b91d85b051d1,LLM,5,0,5,1,0.6362640000000002,0,0,0,0,0,0,5,0,0,0,0,5,0,0,0
in-4250b91d85b051d1,Hybrid,22,14,8,1,0.5397968271636163,0,1,12,1,0,0,8,0.017734786505759922,0,1,0,8,3,8,2
in-4c09ca0e694fbbae,JobBERT,2,2,0,0,0.8599084392170543,0,0,1,1,0,0,0,0,0,2,0,0,0,0,0
in-4c09ca0e694fbbae,LLM,4,0,4,0,0.8120675625123659,0,0,0,0,0,0,4,0,2,0,1,1,0,0,0
in-4c09ca0e694fbbae,Hybrid,4,0,4,0,0.7809544797461416,0,0,0,0,0,0,4,0.0,0,2,1,1,0,0,0
in-70a2eb5261b8c030,JobBERT,13,13,0,0,0.9087756829143241,0,0,1,2,2,8,0,0,4,9,0,0,0,0,0
in-70a2eb5261b8c030,LLM,15,9,6,7,0.8862461155478893,0,0,0,1,0,8,6,0,9,3,0,3,0,0,0
in-70a2eb5261b8c030,Hybrid,19,13,6,7,0.8484595174657087,0,0,0,1,0,12,6,0.40157958956486045,8,4,5,2,0,0,0
in-2cdf2399ee76c432,JobBERT,2,1,1,0,0.961165108808784,0,0,1,0,0,0,1,0,2,0,0,0,0,0,0
in-2cdf2399ee76c432,LLM,2,1,1,2,0.925312276652443,0,0,1,0,0,0,1,0,1,1,0,0,0,0,0
in-2cdf2399ee76c432,Hybrid,2,1,1,2,1.0,0,0,1,0,0,0,1,0.038936229756003936,2,0,0,0,0,0,0
in-7dcac2d609f1fbd9,JobBERT,5,4,1,0,0.6048456466764536,0,0,4,0,0,0,1,0,0,1,0,0,4,0,0
in-7dcac2d609f1fbd9,Hybrid,5,4,1,0,0.4838765173411629,0,0,4,0,0,0,1,0.03820056791288491,0,0,0,1,0,4,0
in-00312d85ec873f86,JobBERT,2,2,0,8,0.6928434634449173,0,0,2,0,0,0,0,0,0,0,1,1,0,0,0
in-00312d85ec873f86,LLM,7,5,2,5,0.6415571305082489,0,0,5,0,0,0,2,0,0,1,0,2,4,0,0
in-00312d85ec873f86,Hybrid,8,6,2,12,0.6138585248804899,0,0,6,0,0,0,2,0.08745047735464022,0,0,1,2,4,1,0
in-5f24905b422258e8,JobBERT,7,7,0,0,0.7311175651316544,0,0,5,0,0,2,0,0,1,2,1,0,3,0,0
in-5f24905b422258e8,LLM,6,4,2,0,0.79955172941224,0,0,2,0,0,2,2,0,1,2,1,2,0,0,0
in-5f24905b422258e8,Hybrid,10,8,2,0,0.6735411797768587,0,0,5,0,0,3,2,0.20208506669622925,1,2,1,2,1,3,0
in-101e930210888ced,LLM,4,1,3,1,0.6165544680000001,0,0,1,0,0,0,3,0,0,0,0,3,1,0,0
in-101e930210888ced,Hybrid,4,1,3,1,0.6165544680000001,0,0,1,0,0,0,3,0.04594141433113501,0,0,0,3,1,0,0
in-607eea3f1c789f52,JobBERT,5,5,0,0,0.6256525380830623,0,0,5,0,0,0,0,0,0,0,1,3,1,0,0
in-607eea3f1c789f52,LLM,3,2,1,0,0.7140258758223611,0,0,1,1,0,0,1,0,0,1,0,1,1,0,0
in-607eea3f1c789f52,Hybrid,7,6,1,0,0.5889483143823184,0,0,5,1,0,0,1,0.026418043095593112,1,0,0,1,1,4,0
in-77696a202803c29b,JobBERT,8,8,0,9,0.693348544919166,0,0,6,1,1,0,0,0,1,0,1,6,0,0,0
in-77696a202803c29b,LLM,14,10,4,10,0.6945287845157875,0,0,5,1,1,3,4,0,1,1,3,9,0,0,0
in-77696a202803c29b,Hybrid,17,13,4,15,0.6666077146460524,0,0,8,1,1,3,4,0.1299663360716225,2,0,4,6,2,3,0
in-27d3e2e8b7c41d36,LLM,3,3,0,2,0.5984625907200002,1,0,2,0,0,0,0,0,0,0,0,1,2,0,0
in-27d3e2e8b7c41d36,Hybrid,3,3,0,2,0.5984625907200002,1,0,2,0,0,0,0,0.08617573537324606,0,0,0,1,2,0,0
in-5368a337ff9c506e,LLM,1,1,0,1,0.6765434323200001,0,0,0,0,0,1,0,0,0,0,0,1,0,0,0
in-5368a337ff9c506e,Hybrid,1,1,0,1,0.6765434323200001,0,0,0,0,0,1,0,0.12112988045341092,0,0,0,1,0,0,0
in-82265fcf199f7655,JobBERT,3,3,0,0,0.4122051053148151,0,0,3,0,0,0,0,0,0,0,0,0,0,1,2
in-82265fcf199f7655,LLM,7,0,7,2,0.6369449142857143,0,0,0,0,0,0,7,0,0,0,0,7,0,0,0
in-82265fcf199f7655,Hybrid,9,2,7,2,0.5494436555776308,0,0,2,0,0,0,7,0.1605631093281429,0,0,0,6,1,0,2
in-e3d8d5c1ebc47e7c,JobBERT,2,2,0,0,0.8402805206039543,0,0,2,0,0,0,0,0,0,2,0,0,0,0,0
in-e3d8d5c1ebc47e7c,LLM,4,0,4,0,0.7880473554646212,0,0,0,0,0,0,4,0,0,2,1,1,0,0,0
in-e3d8d5c1ebc47e7c,Hybrid,4,0,4,0,0.7602470470855918,0,0,0,0,0,0,4,0.0,0,2,1,1,0,0,0
in-2734c078034e1138,LLM,2,0,2,0,0.6451776,0,0,0,0,0,0,2,0,0,0,0,2,0,0,0
in-2734c078034e1138,Hybrid,2,0,2,0,0.6451776,0,0,0,0,0,0,2,0.0,0,0,0,2,0,0,0
in-8ad8e7c8de4037c3,JobBERT,6,6,0,8,0.7514251738423328,0,0,3,1,1,1,0,0,0,2,1,3,0,0,0
in-8ad8e7c8de4037c3,LLM,5,3,2,7,0.7745322746012512,0,0,1,1,0,1,2,0,1,1,1,2,0,0,0
in-8ad8e7c8de4037c3,Hybrid,8,6,2,8,0.7146782726000438,0,0,3,1,1,1,2,0.13690576328207954,2,0,1,3,2,0,0
in-cd349d1d935d2e5e,JobBERT,5,5,0,0,0.7746478963807611,1,0,2,1,1,0,0,0,1,2,0,2,0,0,0
in-cd349d1d935d2e5e,LLM,6,6,0,3,0.7110968053469602,0,0,1,3,1,1,0,0,0,2,1,3,0,0,0
in-cd349d1d935d2e5e,Hybrid,9,9,0,3,0.6973134896217051,1,0,3,3,1,1,0,0.1419997671889337,2,0,1,4,1,1,0
in-7433c244aa75bf36,JobBERT,10,10,0,0,0.807665173288805,0,0,10,0,0,0,0,0,1,6,0,3,0,0,0
in-7433c244aa75bf36,LLM,11,8,3,0,0.8169599716833329,0,0,7,0,1,0,3,0,3,4,2,2,0,0,0
in-7433c244aa75bf36,Hybrid,14,11,3,0,0.793541461325732,0,0,10,0,1,0,3,0.06195659998727976,6,1,2,2,2,1,0
in-db50373d77abc3a2,JobBERT,1,1,0,1,0.9579128110468902,0,0,1,0,0,0,0,0,1,0,0,0,0,0,0
in-db50373d77abc3a2,LLM,1,0,1,2,0.9805453282273872,0,0,0,0,0,0,1,0,1,0,0,0,0,0,0
in-db50373d77abc3a2,Hybrid,1,0,1,3,0.9304599253382305,0,0,0,0,0,0,1,0.11047074329664333,1,0,0,0,0,0,0
in-6727fdf72c571305,LLM,3,0,3,0,0.6622713600000001,0,0,0,0,0,0,3,0,0,0,1,2,0,0,0
in-6727fdf72c571305,Hybrid,3,0,3,0,0.6622713600000001,0,0,0,0,0,0,3,0.0,0,0,1,2,0,0,0
in-bee82521a330a463,LLM,2,0,2,0,0.6312672000000001,0,0,0,0,0,0,2,0,0,0,0,2,0,0,0
in-bee82521a330a463,Hybrid,2,0,2,0,0.6312672000000001,0,0,0,0,0,0,2,0.0,0,0,0,2,0,0,0
in-bc3b380ce792d5ca,LLM,3,0,3,8,0.6332544000000001,0,0,0,0,0,0,3,0,0,0,0,3,0,0,0
in-bc3b380ce792d5ca,Hybrid,3,0,3,12,0.6332544000000001,0,0,0,0,0,0,3,0.13420726854479317,0,0,0,3,0,0,0
in-69b68bde3423c7fc,JobBERT,3,3,0,1,0.8455797084326132,0,0,2,0,0,1,0,0,1,1,1,0,0,0,0
in-69b68bde3423c7fc,LLM,3,3,0,4,0.8739888149722977,0,0,1,0,0,2,0,0,1,1,1,0,0,0,0
in-69b68bde3423c7fc,Hybrid,4,4,0,4,0.845511757453573,0,0,1,0,0,3,0,0.1581273097436267,2,0,1,0,1,0,0
in-33f7ac68b9c721cf,JobBERT,4,3,1,0,0.8930034366863335,0,0,2,0,0,1,1,0,2,1,0,1,0,0,0
in-33f7ac68b9c721cf,LLM,4,0,4,3,0.8767563443648785,0,0,0,0,0,0,4,0,2,1,1,0,0,0,0
in-33f7ac68b9c721cf,Hybrid,5,1,4,3,0.8016354073132094,0,0,1,0,0,0,4,0.017575117161399444,2,1,1,0,1,0,0
in-9af59d2bfaa79ff6,JobBERT,3,2,1,0,0.9538603114419058,0,0,2,0,0,0,1,0,3,0,0,0,0,0,0
in-9af59d2bfaa79ff6,LLM,3,1,2,1,0.9926528139945775,0,0,0,1,0,0,2,0,3,0,0,0,0,0,0
in-9af59d2bfaa79ff6,Hybrid,3,1,2,1,0.965194863268847,0,0,0,1,0,0,2,0.06462401509984833,2,1,0,0,0,0,0
in-777325d37a9c6b57,LLM,1,0,1,0,0.6412032000000001,0,0,0,0,0,0,1,0,0,0,0,1,0,0,0
in-777325d37a9c6b57,Hybrid,1,0,1,0,0.6412032000000001,0,0,0,0,0,0,1,0.0,0,0,0,1,0,0,0
in-bfafddc5c4fcdca4,JobBERT,4,4,0,2,0.5899941285959288,0,0,4,0,0,0,0,0,0,0,0,2,2,0,0
in-bfafddc5c4fcdca4,LLM,2,0,2,2,0.6419602285714285,0,0,0,0,0,0,2,0,0,0,0,2,0,0,0
in-bfafddc5c4fcdca4,Hybrid,6,4,2,2,0.5286502781083049,0,0,4,0,0,0,2,0.007513574835209591,0,0,0,2,0,4,0
in-b43f970b349508c3,JobBERT,2,2,0,0,0.9123349058581968,0,0,1,1,0,0,0,0,1,1,0,0,0,0,0
in-b43f970b349508c3,LLM,5,3,2,1,0.7831594686724653,0,0,1,1,1,0,2,0,2,0,2,1,0,0,0
in-b43f970b349508c3,Hybrid,5,3,2,1,0.7768103130063206,0,0,1,1,1,0,2,0.029114401136764428,1,1,2,1,0,0,0
in-a8c9ec23b2864f1d,LLM,1,1,0,4,0.7107086016,0,0,0,0,0,1,0,0,0,0,1,0,0,0,0
in-a8c9ec23b2864f1d,Hybrid,1,1,0,6,0.7107086016,0,0,0,0,0,1,0,0.05406540672380261,0,0,1,0,0,0,0
in-47bbd47e0472b0e6,JobBERT,6,5,1,0,0.7103466048195309,0,0,4,0,1,0,1,0,2,0,0,2,2,0,0
in-47bbd47e0472b0e6,LLM,3,0,3,0,0.84276352712966,0,0,0,0,0,0,3,0,1,1,0,1,0,0,0
in-47bbd47e0472b0e6,Hybrid,7,4,3,0,0.6284846305233912,0,0,4,0,0,0,3,0.009173823088063244,1,1,0,1,1,3,0
in-0e1bdbb226a3d5af,JobBERT,9,9,0,2,0.8645234945786257,0,0,4,1,2,2,0,0,5,2,1,0,1,0,0
in-0e1bdbb226a3d5af,LLM,9,5,4,2,0.8658674482180769,0,0,3,1,0,1,4,0,5,1,1,2,0,0,0
in-0e1bdbb226a3d5af,Hybrid,12,8,4,2,0.7874664987008727,0,0,5,2,0,1,4,0.1414325064322288,5,1,1,4,0,1,0
in-8a05d38449430198,LLM,3,2,1,3,0.6633787622400001,0,0,0,0,0,2,1,0,0,0,0,3,0,0,0
in-8a05d38449430198,Hybrid,3,2,1,3,0.6633787622400001,0,0,0,0,0,2,1,0.0,0,0,0,3,0,0,0
in-5234a3e36083c4a4,JobBERT,1,1,0,2,0.35358030565071696,0,0,1,0,0,0,0,0,0,0,0,0,0,0,1
in-5234a3e36083c4a4,LLM,2,2,0,3,0.6527282996160001,0,0,1,0,0,1,0,0,0,0,0,2,0,0,0
in-5234a3e36083c4a4,Hybrid,3,3,0,3,0.529440281250858,0,0,2,0,0,1,0,0.1432145761454489,0,0,0,2,0,0,1
in-f8a19f5383c52abe,LLM,6,0,6,0,0.6462552,0,0,0,0,0,0,6,0,0,0,0,6,0,0,0
in-f8a19f5383c52abe,Hybrid,6,0,6,0,0.6462552,0,0,0,0,0,0,6,0.0,0,0,0,6,0,0,0
in-7c677818edebe75f,JobBERT,7,7,0,0,0.6422947342833127,0,0,4,0,1,2,0,0,0,0,0,7,0,0,0
in-7c677818edebe75f,LLM,9,0,9,0,0.673802936628386,0,0,0,0,0,0,9,0,0,1,0,8,0,0,0
in-7c677818edebe75f,Hybrid,15,6,9,0,0.5998645705012848,0,0,3,0,1,2,9,0.048436411154056266,0,0,1,8,3,3,0
in-cd4536bf094c8252,JobBERT,2,2,0,0,0.7825304737047326,0,0,1,0,0,1,0,0,1,0,0,1,0,0,0
in-cd4536bf094c8252,LLM,2,1,1,1,0.7780944669112853,0,0,1,0,0,0,1,0,1,0,0,1,0,0,0
in-cd4536bf094c8252,Hybrid,3,2,1,1,0.6764905850784109,0,0,2,0,0,0,1,0.036106205613989584,0,1,0,1,1,0,0
in-342b32d766851b29,JobBERT,3,3,0,3,0.7843008018405624,0,0,1,0,2,0,0,0,0,2,0,1,0,0,0
in-342b32d766851b29,LLM,6,6,0,3,0.7298966955300954,0,0,3,0,2,1,0,0,1,1,0,4,0,0,0
in-342b32d766851b29,Hybrid,7,7,0,5,0.7205648146112071,0,0,4,0,2,1,0,0.038630506355202036,2,0,0,4,0,1,0
in-f6f38be2ac0d3b85,LLM,3,1,2,1,0.64714126272,0,0,0,1,0,0,2,0,0,0,0,3,0,0,0
in-f6f38be2ac0d3b85,Hybrid,3,1,2,1,0.64714126272,0,0,0,1,0,0,2,0.0,0,0,0,3,0,0,0
